"RecordedDate","seconds","n_turnsOK","whichva","VA_Google","VA_Amazon","VA_Apple","VA_Microsoft","VA_Samsung","VA_Other","VA_didnotuseVA","QID1_6_TEXT","vamost","devicemost","partweek","ndays","times_per_day","whenuse","when_morning","when_lunch","when_afternoon","when_evening","when_night","check_n_turns","last_service_when","recall_last","last_service_which","last_service_howlong","socpres1","socpres2","socpres3","socpres4","socpres5","socpres6","socpres7","socpres8","socpres9","socpres10","socpres11","socpres12","epsi1","epsi2","epsi3","epsi4","epsi5","epsi6","comp1","comp2","comp3","warm1","warm2","warm3","QID34","personalized1","personalized2","personalized3","privrisk1","privrisk2","privrisk3","privrisk4","privrisk5","sat1","sat2","sat3","gender","age","country","edu","QID45_6_TEXT","employ","marit","income1","income2"
2020-05-05 10:12:52,233,1,2,0,1,0,0,0,0,0,NA,"Amazon","Smart Speaker","Weekend",5,9,2,0,1,0,0,0,1,"Today",9,"play music",NA,4,5,4,5,1,4,4,5,4,4,4,5,4,5,4,4,2,3,1,1,3,1,1,3,3,7,9,8,9,8,10,9,9,1,2,4,2,50,1,2,NA,1,2,5,NA
2020-05-05 10:16:37,152,1,34,0,0,1,1,0,0,0,NA,"Apple","Other","All days",7,9,3,0,0,1,0,0,1,"3 days ago",10,"check weather/news",98,2,3,4,1,2,3,3,4,3,3,4,4,3,1,1,1,3,3,5,4,4,4,2,3,3,9,9,9,9,9,9,8,8,3,4,4,2,50,1,3,NA,6,2,4,NA
2020-05-06 07:43:48,240,1,13,1,0,1,0,0,0,0,NA,"Apple","Smartphone","All days",7,2,12345,1,1,1,1,1,1,"> 7 days ago",2,"add items to a shopping list",15,3,2,2,3,2,2,3,3,3,3,3,2,4,4,4,4,4,4,4,4,4,3,4,4,3,8,8,8,9,9,9,7,7,4,4,4,2,50,1,4,NA,1,2,5,NA
2020-05-06 08:00:20,143,1,12,1,1,0,0,0,0,0,NA,"Google","Smart Speaker","Weekend",2,5,23,0,1,1,0,0,1,"4 days ago",9,"play music",5,3,3,4,3,3,2,3,4,2,3,2,2,3,2,3,4,3,3,4,3,4,3,4,4,3,8,7,8,7,8,10,8,7,4,3,4,1,30,1,4,NA,1,1,2,NA
2020-05-06 08:00:27,162,1,2,0,1,0,0,0,0,0,NA,"Amazon","Other","Weekend",5,15,1,1,0,0,0,0,1,"2 days ago",2,"set timer",15,2,3,2,3,3,4,2,3,5,3,4,2,3,4,3,2,5,4,2,3,2,2,2,1,3,6,7,8,8,6,7,8,9,3,2,5,1,28,1,5,NA,1,2,5,NA
2020-05-06 08:00:30,143,1,2,0,1,0,0,0,0,0,NA,"Amazon","Smartphone","Weekdays",2,4,1,1,0,0,0,0,1,"Yesterday",3,"check weather/news",45,4,4,5,4,3,5,4,4,4,5,5,5,5,4,4,5,5,5,5,1,3,2,4,4,3,8,9,9,9,10,9,9,10,5,4,3,1,25,1,3,NA,1,2,3,NA
2020-05-06 08:00:34,194,1,1,1,0,0,0,0,0,0,NA,"Google","Smartphone","All days",3,3,3,0,0,1,0,0,1,"2 days ago",3,"play music",1,4,2,3,2,2,2,3,3,3,3,3,3,3,3,3,3,3,3,4,4,4,3,3,3,3,8,8,8,7,7,7,7,7,4,4,4,1,33,1,3,NA,1,2,3,NA
2020-05-06 08:00:46,177,1,2,0,1,0,0,0,0,0,NA,"Amazon","Smartphone","Weekend",4,3,5,0,0,0,0,1,1,"> 7 days ago",5,"other",2,4,4,2,2,2,3,4,2,4,1,4,4,4,4,4,3,5,5,4,4,2,4,5,3,3,7,6,9,7,7,8,6,8,4,5,4,1,52,1,3,NA,1,1,2,NA
2020-05-06 08:00:51,170,1,1,1,0,0,0,0,0,0,NA,"Google","Smart Speaker","Weekdays",3,5,24,0,1,0,1,0,1,"3 days ago",3,"buy/order something",14,2,5,4,4,3,2,4,5,1,4,2,5,5,2,4,4,5,2,5,4,3,4,4,5,3,8,9,7,9,7,10,9,10,4,2,4,1,32,1,3,NA,1,2,3,NA
2020-05-06 08:00:52,190,1,1,1,0,0,0,0,0,0,NA,"Google","Smart Speaker","All days",7,10,12345,1,1,1,1,1,1,"Yesterday",5,"check weather/news",2,3,1,1,2,2,1,1,2,3,1,1,3,3,3,3,3,3,5,4,4,4,3,3,3,3,7,7,7,7,7,7,7,6,4,4,4,2,43,1,3,NA,1,1,3,NA
2020-05-06 08:01:07,182,1,123,1,1,1,0,0,0,0,NA,"Google","Smart Speaker","All days",5,2,35,0,0,1,0,1,1,"4 days ago",2,"check weather/news",3,1,1,1,1,1,1,1,1,1,1,1,1,1,1,1,1,1,1,2,2,2,3,3,3,3,6,6,7,9,9,9,9,9,2,3,2,1,27,1,3,NA,1,3,1,NA
2020-05-06 08:01:07,188,1,3,0,0,1,0,0,0,0,NA,"Apple","Smartphone","Weekdays",4,2,1345,1,0,1,1,1,1,"> 7 days ago",9,"other",3,4,3,1,1,1,1,4,1,4,1,4,4,4,4,4,4,4,4,4,4,4,4,4,4,3,8,8,8,6,7,6,6,6,4,5,4,2,40,1,4,NA,1,2,4,NA
2020-05-06 08:01:08,154,1,1,1,0,0,0,0,0,0,NA,"Google","Smartphone","Weekend",3,5,2,0,1,0,0,0,1,"2 days ago",3,"play music",30,2,3,2,3,4,3,4,3,2,3,3,2,4,3,3,4,2,2,4,3,1,3,2,3,3,6,7,8,7,8,9,8,7,2,3,4,1,25,1,3,NA,2,1,3,NA
2020-05-06 08:01:23,236,1,235,0,1,1,0,1,0,0,NA,"Apple","Other","Weekend",3,5,14,1,0,0,1,0,1,"> 7 days ago",9,"send text /email",10,4,2,2,2,2,2,4,2,4,2,4,4,4,4,4,4,4,4,5,5,5,4,4,3,3,8,9,8,7,7,7,7,7,4,4,4,2,27,1,3,NA,1,1,3,NA
2020-05-06 08:01:24,227,1,1234,1,1,1,1,0,0,0,NA,"Google","Other","All days",7,3,124,1,1,0,1,0,1,"5 days ago",3,"buy/order something",3,4,2,1,2,1,1,1,1,2,1,3,4,5,5,4,4,4,5,4,4,4,3,4,3,3,8,9,9,7,6,7,6,8,4,4,4,1,30,1,3,NA,1,1,2,NA
2020-05-06 08:01:24,193,1,13,1,0,1,0,0,0,0,NA,"Apple","Smartphone","All days",7,4,13,1,0,1,0,0,1,"Yesterday",9,"other",2,2,3,1,1,1,1,1,1,1,1,3,3,4,4,1,1,3,4,5,5,5,3,3,3,3,9,9,7,7,7,7,7,7,5,5,5,2,30,1,2,NA,4,2,3,NA
2020-05-06 08:01:25,186,1,2,0,1,0,0,0,0,0,NA,"Amazon","Smartphone","Weekdays",2,5,12,1,1,0,0,0,1,"5 days ago",5,"play music",50,3,3,4,4,4,3,4,4,3,3,3,3,3,3,3,5,4,3,4,3,1,2,3,2,3,8,7,8,9,8,9,8,9,3,3,4,1,25,1,3,NA,1,1,3,NA
2020-05-06 08:01:36,224,1,1,1,0,0,0,0,0,0,NA,"Google","Smartphone","Weekdays",2,3,1,1,0,0,0,0,1,"Yesterday",5,"check weather/news",10,3,4,4,4,3,3,4,4,3,4,3,3,3,3,4,4,4,3,1,1,5,4,3,4,3,7,8,7,8,9,8,8,9,3,4,3,1,64,1,3,NA,1,2,2,NA
2020-05-06 08:01:40,226,1,14,1,0,0,1,0,0,0,NA,"Google","Smartphone","Weekdays",4,2,35,0,0,1,0,1,1,"5 days ago",9,"play music",30,5,5,4,4,4,4,4,4,5,4,4,5,5,5,4,4,4,5,4,4,5,4,4,5,3,8,9,8,9,9,10,10,9,4,4,5,1,30,1,3,NA,1,2,3,NA
2020-05-06 08:01:44,210,1,3,0,0,1,0,0,0,0,NA,"Apple","Smartphone","Weekend",1,0,4,0,0,0,1,0,1,"> 7 days ago",2,"check traffic /navigation",5,2,2,3,3,4,2,2,3,2,3,2,2,4,4,4,4,4,4,4,4,4,3,4,3,3,8,8,7,10,10,10,9,10,4,4,4,1,30,1,2,NA,7,1,2,NA
2020-05-06 08:01:46,174,1,123,1,1,1,0,0,0,0,NA,"Google","Smartphone","Weekend",3,5,1,1,0,0,0,0,1,"4 days ago",2,"play music",45,5,4,4,5,4,5,5,5,5,4,4,4,4,4,5,4,5,5,4,5,4,5,4,4,3,8,9,8,10,9,10,9,10,4,5,4,1,47,1,3,NA,1,2,2,NA
2020-05-06 08:01:48,247,1,23,0,1,1,0,0,0,0,NA,"Amazon","Other","All days",7,5,1345,1,0,1,1,1,1,"3 days ago",9,"play music",3,4,5,1,1,1,1,4,1,4,1,5,4,5,5,5,5,5,5,4,4,4,4,3,3,3,9,9,8,8,8,7,8,9,4,4,4,2,47,1,4,NA,1,2,4,NA
2020-05-06 08:01:51,205,1,2,0,1,0,0,0,0,0,NA,"Amazon","Smartphone","All days",5,3,345,0,0,1,1,1,1,"2 days ago",3,"buy/order something",5,4,4,2,2,2,2,4,2,4,1,4,5,4,3,3,4,3,4,4,5,4,4,3,3,3,8,9,8,8,8,8,8,9,4,5,5,1,33,1,3,NA,1,1,2,NA
2020-05-06 08:01:51,243,1,1234,1,1,1,1,0,0,0,NA,"Google","Smart Speaker","Weekend",2,3,2,0,1,0,0,0,1,"2 days ago",2,"check weather/news",20,4,5,5,4,5,4,5,4,5,4,4,4,4,5,3,3,4,4,3,1,3,2,1,2,3,8,9,8,9,8,9,8,9,4,5,4,1,35,1,4,NA,1,2,2,NA
2020-05-06 08:01:52,240,1,234,0,1,1,1,0,0,0,NA,"Amazon","Smart Speaker","Weekdays",5,5,14,1,0,0,1,0,1,"Yesterday",9,"check weather/news",5,4,5,1,1,1,1,5,1,4,1,4,5,5,5,5,5,5,5,5,5,5,5,4,4,3,8,9,8,7,7,7,7,7,4,4,5,1,28,1,3,NA,1,1,3,NA
2020-05-06 08:01:56,184,1,12,1,1,0,0,0,0,0,NA,"Amazon","Smart Speaker","All days",2,2,13,1,0,1,0,0,1,"2 days ago",2,"buy/order something",2,3,3,4,4,4,3,2,3,4,3,3,2,2,3,2,5,4,4,4,4,4,4,5,4,3,8,7,6,9,8,7,9,8,3,4,4,1,28,1,2,NA,1,1,2,NA
2020-05-06 08:01:58,148,1,12,1,1,0,0,0,0,0,NA,"Amazon","Smart Speaker","Weekend",2,10,12345,1,1,1,1,1,1,"3 days ago",2,"set timer",30,3,2,3,1,5,2,5,5,3,2,3,2,1,1,1,1,2,2,3,2,5,2,2,5,3,1,7,7,10,10,8,8,6,5,2,3,1,28,1,2,NA,1,1,2,NA
2020-05-06 08:01:59,235,1,2,0,1,0,0,0,0,0,NA,"Amazon","Smart Speaker","All days",3,1,45,0,0,0,1,1,1,"4 days ago",10,"other",4,3,3,1,1,1,1,4,1,4,1,5,5,4,5,3,3,3,5,5,5,5,4,5,4,3,9,9,9,8,8,8,8,8,5,5,5,1,29,1,3,NA,1,2,3,NA
2020-05-06 08:02:02,259,1,2,0,1,0,0,0,0,0,NA,"Amazon","Smart Speaker","Weekdays",5,4,13,1,0,1,0,0,1,"7 days ago",3,"play music",1,3,4,2,2,2,1,4,4,3,1,5,4,5,4,4,4,4,5,4,4,5,4,3,4,3,8,9,9,9,9,10,10,10,4,4,4,2,27,1,3,NA,1,1,3,NA
2020-05-06 08:02:03,251,1,2,0,1,0,0,0,0,0,NA,"Amazon","Smart Speaker","All days",7,10,12345,1,1,1,1,1,1,"Yesterday",10,"add items to a shopping list",5,3,3,1,1,1,1,3,1,3,1,3,4,4,4,4,3,4,4,4,4,4,3,3,3,3,8,8,7,7,7,7,7,8,4,4,4,1,38,1,2,NA,4,1,2,NA
2020-05-06 08:02:03,229,1,2,0,1,0,0,0,0,0,NA,"Amazon","Smart Speaker","Weekend",3,0,345,0,0,1,1,1,1,"> 7 days ago",9,"make a reservation",2,1,1,3,1,3,1,1,1,1,1,1,4,3,3,3,1,4,5,5,5,4,4,3,3,3,9,9,9,9,9,7,9,9,5,5,5,2,22,1,3,NA,7,1,3,NA
2020-05-06 08:02:15,254,1,1,1,0,0,0,0,0,0,NA,"Google","Smartphone","Weekdays",2,1,13,1,0,1,0,0,1,"5 days ago",3,"check traffic /navigation",2,3,4,2,3,2,2,4,2,4,2,3,4,4,4,4,4,4,4,4,4,4,4,4,4,3,8,9,8,7,8,7,7,7,4,4,4,1,34,1,2,NA,1,3,2,NA
2020-05-06 08:02:17,265,1,123,1,1,1,0,0,0,0,NA,"Apple","Smartphone","Weekend",4,10,34,0,0,1,1,0,1,"Yesterday",5,"play music",2,4,4,2,2,1,2,4,1,4,2,4,4,4,4,4,5,4,4,4,4,4,4,4,3,3,9,8,8,7,8,7,8,7,4,5,4,1,29,1,3,NA,1,2,5,NA
2020-05-06 08:02:19,115,1,2,0,1,0,0,0,0,0,NA,"Amazon","Smart Speaker","Weekend",2,2,1,1,0,0,0,0,1,"Today",5,"check traffic /navigation",15,4,4,4,5,3,5,4,4,5,4,3,4,4,5,3,3,4,4,2,3,2,1,3,4,2,8,9,9,9,8,9,9,9,4,5,5,1,36,1,3,NA,2,2,3,NA
2020-05-06 08:02:21,132,1,234,0,1,1,1,0,0,0,NA,"Amazon","Smart Speaker","All days",7,10,1345,1,0,1,1,1,1,"2 days ago",5,"play music",2,3,3,4,3,4,5,3,2,3,1,3,3,5,4,3,5,4,4,4,5,5,5,4,4,3,8,8,9,8,8,9,9,10,4,3,5,1,25,1,4,NA,1,2,3,NA
2020-05-06 08:02:22,303,1,123,1,1,1,0,0,0,0,NA,"Amazon","Smart Speaker","All days",4,3,14,1,0,0,1,0,1,"4 days ago",9,"check traffic /navigation",5,3,3,3,2,2,2,3,2,3,2,3,3,4,4,4,4,4,4,4,4,4,3,3,3,3,8,7,8,8,8,8,9,8,4,4,4,2,44,1,3,NA,1,2,3,NA
2020-05-06 08:02:22,259,1,12,1,1,0,0,0,0,0,NA,"Amazon","Smartphone","Weekend",5,5,4,0,0,0,1,0,1,"2 days ago",3,"play music",30,4,4,5,4,4,4,5,4,5,4,4,4,5,5,4,4,5,5,4,4,4,4,4,4,3,7,8,8,9,9,9,9,10,5,4,5,2,40,1,3,NA,1,2,2,NA
2020-05-06 08:02:24,182,1,1,1,0,0,0,0,0,0,NA,"Google","Smartphone","All days",5,4,1245,1,1,0,1,1,1,"2 days ago",3,"set timer",3,4,2,2,1,2,2,5,3,4,2,4,2,4,4,4,5,4,4,4,4,4,2,4,4,3,8,8,6,7,7,8,9,7,4,4,4,1,41,1,2,NA,1,2,2,NA
2020-05-06 08:02:32,230,1,12,1,1,0,0,0,0,0,NA,"Amazon","Smart Speaker","Weekend",4,2,5,0,0,0,0,1,1,"3 days ago",5,"play music",40,5,5,5,5,4,4,4,4,4,4,5,3,3,5,4,5,4,5,5,5,4,4,5,4,3,9,8,9,9,9,8,9,10,5,4,3,2,30,1,4,NA,1,2,3,NA
2020-05-06 08:02:39,304,1,1,1,0,0,0,0,0,0,NA,"Google","Smart Speaker","Weekdays",7,5,345,0,0,1,1,1,1,"2 days ago",2,"check weather/news",1,5,3,3,1,3,1,NA,1,3,NA,NA,4,5,5,5,5,5,5,4,4,5,3,4,4,3,7,8,8,6,8,6,6,6,4,4,4,1,36,1,2,NA,1,2,2,NA
2020-05-06 08:02:39,211,1,12,1,1,0,0,0,0,0,NA,"Google","Smart Speaker","Weekdays",3,8,2,0,1,0,0,0,1,"Yesterday",3,"set timer",46,3,5,4,5,4,5,5,4,4,5,5,4,5,4,5,4,4,5,4,2,3,3,4,5,3,9,8,8,10,10,9,10,9,5,4,3,1,30,1,4,NA,1,2,3,NA
2020-05-06 08:02:42,151,1,12,1,1,0,0,0,0,0,NA,"Google","Smart Speaker","All days",7,15,145,1,0,0,1,1,1,"> 7 days ago",5,"add items to a shopping list",5,4,5,1,1,1,1,1,1,5,1,4,4,4,4,5,5,5,4,5,5,4,4,4,4,3,9,8,8,6,7,6,6,6,4,5,4,1,31,1,4,NA,1,1,3,NA
2020-05-06 08:02:44,178,1,2,0,1,0,0,0,0,0,NA,"Amazon","Smart Speaker","All days",5,3,145,1,0,0,1,1,1,"5 days ago",9,"check weather/news",10,1,1,1,1,1,1,5,1,5,1,5,5,5,5,5,5,5,5,5,5,5,5,5,5,3,9,9,9,6,6,6,6,6,5,5,5,2,30,1,2,NA,1,1,3,NA
2020-05-06 08:02:44,247,1,2,0,1,0,0,0,0,0,NA,"Amazon","Smart Speaker","All days",1,0,1,1,0,0,0,0,1,"2 days ago",10,"check traffic /navigation",1,5,5,1,1,1,1,NA,1,4,1,4,4,4,5,5,4,4,5,4,4,4,3,3,3,3,9,9,9,8,8,7,7,8,4,4,4,1,29,1,3,NA,1,3,3,NA
2020-05-06 08:02:45,252,1,2,0,1,0,0,0,0,0,NA,"Amazon","Smartphone","Weekdays",1,5,1,1,0,0,0,0,1,"Today",10,"play music",15,4,5,4,4,5,4,4,5,5,5,4,5,5,5,4,5,4,4,5,5,4,2,5,4,3,8,9,8,10,10,10,9,9,4,5,4,1,28,1,3,NA,1,2,3,NA
2020-05-06 08:02:48,171,1,1,1,0,0,0,0,0,0,NA,"Google","Other","Weekdays",2,4,2,0,1,0,0,0,1,"Yesterday",2,"play music",10,4,3,4,5,3,5,5,3,5,4,4,4,4,5,3,5,3,4,5,4,5,1,4,5,3,8,7,8,10,8,9,10,8,4,5,3,1,30,1,3,NA,1,2,2,NA
2020-05-06 08:02:51,302,1,4,0,0,0,1,0,0,0,NA,"Microsoft","Other","All days",7,2,14,1,0,0,1,0,1,"4 days ago",3,"check weather/news",3,1,1,3,3,5,3,1,3,1,3,3,3,3,3,5,3,5,5,3,3,3,3,3,3,3,7,7,1,10,10,10,10,10,3,3,3,1,54,1,6,"AA",1,1,3,NA
2020-05-06 08:02:51,301,1,1234,1,1,1,1,0,0,0,NA,"Apple","Smartphone","All days",6,3,1234,1,1,1,1,0,1,"6 days ago",9,"buy/order something",2,3,2,2,2,2,2,2,2,3,2,3,4,3,3,3,3,3,4,4,4,4,3,3,3,3,8,8,8,8,8,8,8,8,4,4,4,2,37,1,3,NA,1,1,2,NA
2020-05-06 08:02:55,284,1,12,1,1,0,0,0,0,0,NA,"Amazon","Smart Speaker","Weekdays",4,3,45,0,0,0,1,1,1,"Yesterday",3,"play music",60,4,3,4,3,5,4,5,4,4,5,3,5,5,5,4,3,4,4,2,3,3,4,4,3,3,8,9,8,8,8,10,10,8,4,4,3,2,30,1,3,NA,1,2,2,NA
2020-05-06 08:02:57,266,1,123,1,1,1,0,0,0,0,NA,"Google","Other","All days",1,50,12345,1,1,1,1,1,1,"Yesterday",2,"play music",20,4,4,3,3,5,5,4,3,4,5,5,5,5,4,4,4,3,5,4,4,4,4,4,4,3,9,8,7,8,10,9,10,9,4,3,5,2,32,1,3,NA,1,2,2,NA
2020-05-06 08:02:57,333,1,1,1,0,0,0,0,0,0,NA,"Google","Smartphone","All days",3,1,4,0,0,0,1,0,1,"2 days ago",9,"other",20,4,1,1,3,1,1,1,1,1,1,4,4,5,5,1,1,1,5,4,4,4,4,4,3,3,9,9,9,8,8,8,8,8,4,5,4,1,61,1,2,NA,7,1,2,NA
2020-05-06 08:03:00,274,1,12,1,1,0,0,0,0,0,NA,"Amazon","Smart Speaker","All days",6,6,14,1,0,0,1,0,1,"3 days ago",3,"play music",5,4,4,5,5,4,5,4,5,3,3,4,4,5,4,4,3,4,5,4,4,5,4,5,5,3,9,9,8,9,10,9,9,9,4,5,5,1,37,1,4,NA,1,2,3,NA
2020-05-06 08:03:00,276,1,1,1,0,0,0,0,0,0,NA,"Google","Smartphone","Weekdays",1,25,1,1,0,0,0,0,1,"Yesterday",5,"play music",23,5,4,5,4,4,4,4,4,5,4,5,4,4,4,4,4,3,4,4,5,5,2,4,4,3,9,8,8,9,9,9,8,9,4,4,4,1,31,1,5,NA,1,2,3,NA
2020-05-06 08:03:12,319,1,23,0,1,1,0,0,0,0,NA,"Amazon","Smart Speaker","Weekend",7,3,4,0,0,0,1,0,1,"> 7 days ago",5,"buy/order something",2,1,1,1,1,1,1,1,1,1,1,5,1,5,1,1,5,1,1,5,5,5,3,4,3,3,9,9,9,6,6,6,6,6,5,5,5,2,37,1,2,NA,1,1,2,NA
2020-05-06 08:03:16,256,1,234,0,1,1,1,0,0,0,NA,"Apple","Smartphone","All days",2,1,3,0,0,1,0,0,1,"> 7 days ago",3,"check traffic /navigation",1,1,1,1,1,1,1,1,1,1,1,1,1,4,4,4,4,4,4,2,2,2,3,3,3,3,6,6,6,9,9,9,9,9,2,3,2,2,34,1,5,NA,4,1,2,NA
2020-05-06 08:03:18,161,1,3,0,0,1,0,0,0,0,NA,"Apple","Smartphone","All days",6,1130,1,1,0,0,0,0,1,"2 days ago",9,"check traffic /navigation",NA,5,4,2,3,2,3,3,4,3,4,4,5,4,4,5,5,5,5,4,3,4,3,4,4,3,6,8,7,9,10,8,9,9,2,4,3,1,22,1,3,NA,2,2,3,NA
2020-05-06 08:03:19,255,1,3,0,0,1,0,0,0,0,NA,"Apple","Smartphone","Weekdays",2,1,2,0,1,0,0,0,1,"Yesterday",3,"play music",4,2,2,1,1,4,2,4,1,5,2,4,1,2,2,2,1,1,1,4,4,4,4,3,3,3,1,8,6,7,6,9,7,7,1,2,2,1,28,1,3,NA,1,1,4,NA
2020-05-06 08:03:21,182,1,23,0,1,1,0,0,0,0,NA,"Apple","Smartphone","All days",7,7,12345,1,1,1,1,1,1,"5 days ago",3,"other",1,2,1,3,2,3,1,1,3,4,1,3,3,4,3,3,4,4,4,4,4,4,3,3,3,3,8,8,7,7,7,7,7,8,4,4,4,2,26,1,3,NA,7,1,3,NA
2020-05-06 08:03:23,328,1,2,0,1,0,0,0,0,0,NA,"Amazon","Smart Speaker","Weekdays",7,5,14,1,0,0,1,0,1,"Yesterday",10,"add items to a shopping list",5,4,4,1,2,1,1,4,2,4,1,4,5,5,4,4,4,4,5,4,4,5,4,5,4,3,9,8,8,7,6,7,7,6,4,5,4,1,49,1,2,NA,1,2,2,NA
2020-05-06 08:03:23,251,1,12,1,1,0,0,0,0,0,NA,"Amazon","Smart Speaker","All days",7,3,1,1,0,0,0,0,1,"4 days ago",3,"play music",45,5,5,4,5,5,4,5,5,5,5,5,5,5,5,5,5,5,5,1,2,2,2,1,1,3,8,9,9,10,10,10,10,10,5,5,5,1,32,1,4,NA,2,2,4,NA
2020-05-06 08:03:24,241,1,1245,1,1,0,1,1,0,0,NA,"Amazon","Smartphone","Weekend",3,3,123,1,1,1,0,0,1,"3 days ago",3,"play music",60,4,3,4,5,5,3,2,5,4,3,4,5,4,3,3,4,5,5,1,1,2,1,5,4,2,9,7,8,9,10,8,9,8,4,5,4,1,23,1,3,NA,1,1,3,NA
2020-05-06 08:03:28,297,1,3,0,0,1,0,0,0,0,NA,"Apple","Smartphone","Weekdays",4,6,13,1,0,1,0,0,1,"3 days ago",9,"buy/order something",4,4,4,2,2,2,1,4,2,4,2,4,3,5,5,4,4,4,5,4,4,5,3,4,4,3,9,8,9,7,7,7,7,8,4,4,4,2,45,1,3,NA,1,2,3,NA
2020-05-06 08:03:28,329,1,234,0,1,1,1,0,0,0,NA,"Apple","Smartphone","All days",1,1,34,0,0,1,1,0,1,"2 days ago",5,"play music",3,4,4,1,2,1,1,1,1,3,1,2,1,4,5,5,5,4,4,5,5,5,4,4,3,3,9,8,9,9,9,6,7,9,5,5,5,2,22,1,3,NA,5,1,4,NA
2020-05-06 08:03:29,271,1,1,1,0,0,0,0,0,0,NA,"Google","Smartphone","All days",7,5,2,0,1,0,0,0,1,"Today",10,"buy/order something",30,4,5,4,4,3,3,3,3,4,4,5,4,3,5,4,5,4,4,4,4,4,3,5,4,3,8,9,8,8,9,8,9,9,5,4,4,2,53,1,3,NA,1,2,3,NA
2020-05-06 08:03:31,191,1,1,1,0,0,0,0,0,0,NA,"Google","Smartphone","Weekdays",2,1,13,1,0,1,0,0,1,"7 days ago",9,"send text /email",3,1,1,4,1,2,2,1,3,3,1,1,4,4,4,4,4,4,3,4,4,4,3,3,3,3,7,8,7,9,9,9,9,9,3,4,3,4,60,1,3,NA,1,1,3,NA
2020-05-06 08:03:40,335,1,1,1,0,0,0,0,0,0,NA,"Google","Other","Weekdays",4,12,5,0,0,0,0,1,1,"2 days ago",3,"play music",14,3,5,4,1,2,3,3,3,2,2,1,4,3,3,4,2,1,2,4,4,1,3,5,2,3,1,6,7,6,7,8,9,8,2,3,4,1,46,1,3,NA,1,2,1,NA
2020-05-06 08:03:42,146,1,3,0,0,1,0,0,0,0,NA,"Apple","Smartphone","All days",2,5,3,0,0,1,0,0,1,"5 days ago",3,"check weather/news",NA,1,3,4,4,5,1,2,4,2,2,1,3,3,2,4,1,3,4,4,4,4,2,3,4,3,7,1,9,7,8,7,9,7,4,3,5,1,25,1,3,NA,1,1,3,NA
2020-05-06 08:03:54,268,1,25,0,1,0,0,1,0,0,NA,"Samsung","Smartphone","Weekend",2,15,123,1,1,1,0,0,1,"6 days ago",3,"play music",30,4,4,5,5,4,4,5,4,3,4,4,5,4,3,4,4,5,4,4,4,4,4,4,4,3,8,9,8,10,9,10,9,10,4,3,4,2,26,1,4,NA,1,2,3,NA
2020-05-06 08:03:54,195,1,23,0,1,1,0,0,0,0,NA,"Apple","Smartphone","Weekdays",4,1,1,1,0,0,0,0,1,"> 7 days ago",9,"other",3,5,5,1,1,1,1,1,1,1,1,1,5,5,1,1,1,1,5,5,5,5,4,4,4,3,8,8,8,6,6,6,6,6,5,5,5,2,44,1,3,NA,1,2,3,NA
2020-05-06 08:03:56,353,1,1,1,0,0,0,0,0,0,NA,"Google","Smartphone","All days",7,5,14,1,0,0,1,0,1,"Yesterday",9,"check weather/news",3,4,3,1,1,2,4,3,2,4,2,4,4,4,4,4,4,4,4,4,4,4,4,4,3,3,6,9,9,9,8,9,8,8,4,4,5,2,24,1,3,NA,1,2,3,NA
2020-05-06 08:04:04,377,1,2,0,1,0,0,0,0,0,NA,"Amazon","Other","All days",7,20,1,1,0,0,0,0,1,"2 days ago",9,"play music",1,4,3,1,1,1,1,3,1,1,1,5,4,4,4,4,4,4,4,5,5,4,4,5,3,3,9,9,7,9,9,7,7,9,5,5,5,1,57,1,3,NA,7,1,3,NA
2020-05-06 08:04:10,393,1,123,1,1,1,0,0,0,0,NA,"Apple","Smartphone","All days",3,2,145,1,0,0,1,1,1,"5 days ago",5,"send text /email",1,4,3,2,2,2,3,4,2,3,2,3,4,4,4,5,5,4,5,5,5,5,4,4,3,3,9,9,7,6,6,6,7,7,5,5,5,2,30,1,2,NA,2,1,3,NA
2020-05-06 08:04:11,202,1,2,0,1,0,0,0,0,0,NA,"Amazon","Smart Speaker","Weekend",3,2,3,0,0,1,0,0,1,"6 days ago",9,"set timer",15,2,2,2,3,2,2,2,3,3,2,2,3,2,3,4,2,2,4,2,2,2,3,2,1,2,6,8,6,7,9,8,8,9,2,4,4,1,34,1,3,NA,1,2,3,NA
2020-05-06 08:04:19,203,1,2,0,1,0,0,0,0,0,NA,"Amazon","Smart Speaker","All days",7,50,1345,1,0,1,1,1,1,"2 days ago",3,"send text /email",5,1,1,1,1,3,3,3,1,1,1,3,3,1,1,1,1,1,1,4,5,4,4,3,3,3,8,8,1,7,8,8,9,10,4,4,4,1,37,1,3,NA,1,2,3,NA
2020-05-06 08:04:33,336,1,2,0,1,0,0,0,0,0,NA,"Amazon","Smart Speaker","All days",7,3,45,0,0,0,1,1,1,"> 7 days ago",2,"check weather/news",2,4,4,1,1,1,3,3,1,3,1,4,5,4,4,4,4,3,5,5,5,5,4,4,3,3,9,9,7,8,8,8,7,8,5,5,5,1,34,1,2,NA,1,3,4,NA
2020-05-06 08:04:35,216,1,1,1,0,0,0,0,0,0,NA,"Google","Smartphone","All days",6,4,234,0,1,1,1,0,1,"Yesterday",5,"play music",2,1,1,1,1,1,3,1,1,1,1,1,1,1,1,1,1,1,1,4,2,2,3,3,3,3,6,7,1,6,6,6,6,6,3,4,4,1,22,1,3,NA,1,1,2,NA
2020-05-06 08:04:35,352,1,12,1,1,0,0,0,0,0,NA,"Amazon","Smart Speaker","Weekdays",1,3,1,1,0,0,0,0,1,"> 7 days ago",3,"check weather/news",5,5,5,5,5,5,5,5,5,5,5,5,5,5,5,5,5,5,5,5,2,2,1,4,5,3,9,9,9,10,10,10,10,10,5,5,5,2,32,1,3,NA,2,2,2,NA
2020-05-06 08:04:37,405,1,2,0,1,0,0,0,0,0,NA,"Amazon","Smart Speaker","All days",4,20,14,1,0,0,1,0,1,"Yesterday",3,"play music",30,5,4,5,4,5,4,5,4,3,5,5,4,5,5,4,4,4,5,5,4,4,2,4,5,3,8,9,8,9,10,9,10,9,4,5,4,1,59,1,4,NA,1,2,2,NA
2020-05-06 08:04:40,365,1,3,0,0,1,0,0,0,0,NA,"Apple","Smartphone","Weekdays",7,20,12345,1,1,1,1,1,1,"2 days ago",5,"buy/order something",1,4,4,1,2,1,3,3,2,4,1,4,4,4,4,4,4,4,4,4,4,5,4,4,4,3,9,9,9,7,7,7,6,6,5,4,5,1,32,1,3,NA,1,1,2,NA
2020-05-06 08:04:42,175,1,23,0,1,1,0,0,0,0,NA,"Apple","Smartphone","Weekend",2,1,3,0,0,1,0,0,1,"4 days ago",9,"check weather/news",1,4,3,1,1,3,1,3,1,1,3,3,3,5,5,1,3,5,5,4,4,4,3,3,3,3,8,8,7,6,6,6,6,6,4,4,4,2,39,1,4,NA,1,2,3,NA
2020-05-06 08:04:44,372,1,12,1,1,0,0,0,0,0,NA,"Google","Smartphone","All days",7,2,14,1,0,0,1,0,1,"Today",3,"check weather/news",5,3,3,3,2,1,2,4,2,3,3,4,4,4,3,3,5,3,4,3,4,4,4,3,4,3,7,8,8,9,8,9,9,9,4,3,4,1,37,1,3,NA,1,2,2,NA
2020-05-06 08:04:45,276,1,2,0,1,0,0,0,0,0,NA,"Amazon","Other","All days",3,2,34,0,0,1,1,0,1,"3 days ago",5,"check weather/news",3,4,4,1,1,1,1,4,1,4,1,4,4,4,4,4,4,4,4,4,4,4,4,4,4,3,9,9,9,6,6,6,6,6,4,4,4,1,52,1,3,NA,1,2,2,NA
2020-05-06 08:04:50,376,1,3,0,0,1,0,0,0,0,NA,"Apple","Smartphone","Weekdays",2,1,4,0,0,0,1,0,1,"4 days ago",3,"play music",2,2,4,2,3,1,2,4,3,3,5,3,3,5,5,4,2,4,5,4,1,1,1,4,1,3,1,1,1,7,8,9,6,8,3,5,1,1,25,1,3,NA,7,1,2,NA
2020-05-06 08:04:51,317,1,1245,1,1,0,1,1,0,0,NA,"Google","Smart Speaker","Weekdays",1,5,1,1,0,0,0,0,1,"Today",2,"play music",5,4,3,4,5,5,5,5,5,3,4,5,5,5,5,5,5,5,4,1,2,1,2,1,2,3,8,9,8,10,10,10,10,10,5,3,5,1,60,1,3,NA,1,2,3,NA
2020-05-06 08:04:53,419,1,2,0,1,0,0,0,0,0,NA,"Amazon","Other","All days",7,12,135,1,0,1,0,1,1,"> 7 days ago",3,"buy/order something",2,4,4,2,2,2,2,3,2,4,2,4,4,4,4,4,4,4,4,4,4,4,4,5,3,3,8,8,7,7,7,7,7,7,4,4,4,1,50,1,3,NA,1,2,5,NA
2020-05-06 08:04:56,283,1,2,0,1,0,0,0,0,0,NA,"Amazon","Smartphone","Weekend",3,8,3,0,0,1,0,0,1,"Yesterday",5,"check traffic /navigation",20,2,3,2,4,3,4,4,2,2,4,4,3,3,3,5,2,4,4,5,3,4,2,4,4,3,7,6,8,8,8,7,9,7,3,4,4,2,41,1,3,NA,1,2,3,NA
2020-05-06 08:05:00,433,1,3,0,0,1,0,0,0,0,NA,"Apple","Smartphone","All days",1,1,3,0,0,1,0,0,1,"> 7 days ago",3,"make a reservation",2,1,2,3,1,3,3,1,1,1,1,3,1,2,1,2,2,2,2,5,5,5,3,3,3,3,9,8,6,7,7,7,7,7,5,5,5,1,28,1,3,NA,7,1,2,NA
2020-05-06 08:05:04,308,1,12,1,1,0,0,0,0,0,NA,"Google","Smartphone","All days",7,2,125,1,1,0,0,1,1,"Yesterday",2,"send text /email",15,4,3,3,3,4,3,4,3,4,4,4,5,5,4,4,4,4,4,4,5,4,4,3,2,3,7,8,7,8,9,9,9,9,4,5,4,1,25,1,3,NA,1,1,2,NA
2020-05-06 08:05:07,282,1,234,0,1,1,1,0,0,0,NA,"Apple","Smartphone","Weekend",4,3,13,1,0,1,0,0,1,"Yesterday",5,"buy/order something",10,5,5,1,1,1,1,3,1,5,1,5,4,5,5,5,5,4,4,5,5,4,5,4,4,3,9,9,8,10,9,10,9,7,5,5,4,2,26,1,3,NA,1,3,3,NA
2020-05-06 08:05:08,351,1,2,0,1,0,0,0,0,0,NA,"Amazon","Smart Speaker","All days",3,2,45,0,0,0,1,1,1,"2 days ago",9,"check weather/news",1,3,1,1,1,1,1,1,1,1,1,3,1,5,5,5,5,5,5,4,4,4,3,3,3,3,9,9,7,7,7,7,7,7,4,4,4,1,54,1,4,NA,7,1,2,NA
2020-05-06 08:05:15,328,1,1234,1,1,1,1,0,0,0,NA,"Google","Smartphone","Weekend",1,14,124,1,1,0,1,0,1,"Yesterday",3,"play music",10,5,5,4,5,5,4,5,4,4,4,5,5,5,5,5,5,4,5,1,1,2,1,4,4,3,9,8,9,10,10,9,10,9,4,4,5,2,4,1,3,NA,1,2,2,NA
2020-05-06 08:05:16,295,1,23,0,1,1,0,0,0,0,NA,"Apple","Smartphone","All days",3,0,1,1,0,0,0,0,1,"2 days ago",3,"send text /email",2,3,2,4,4,2,2,2,2,2,1,2,4,2,3,4,3,3,3,4,4,4,4,3,4,3,7,8,7,7,7,8,8,7,4,4,4,1,34,1,4,NA,1,2,3,NA
2020-05-06 08:05:18,375,1,12,1,1,0,0,0,0,0,NA,"Google","Other","Weekend",7,4,1345,1,0,1,1,1,1,"Today",9,"send text /email",4,3,1,2,3,2,3,3,3,3,2,3,2,1,2,1,5,5,4,4,5,4,5,4,4,3,9,6,7,6,9,8,9,10,4,3,3,1,39,1,3,NA,2,2,3,NA
2020-05-06 08:05:19,372,1,12,1,1,0,0,0,0,0,NA,"Amazon","Smart Speaker","All days",5,5,134,1,0,1,1,0,1,"7 days ago",9,"buy/order something",2,4,3,2,2,2,2,4,2,4,2,4,4,4,4,4,4,3,4,4,4,4,4,4,3,3,9,9,9,8,8,8,8,9,4,4,4,1,46,1,4,NA,1,2,3,NA
2020-05-06 08:05:28,464,1,2,0,1,0,0,0,0,0,NA,"Amazon","Smartphone","Weekdays",4,3,13,1,0,1,0,0,1,"Yesterday",3,"add items to a shopping list",1,3,3,3,3,3,3,1,1,1,1,1,1,1,1,1,1,1,1,2,2,2,3,3,3,3,1,1,1,10,10,10,9,10,2,3,2,2,39,1,3,NA,1,2,3,NA
2020-05-06 08:05:39,346,1,12,1,1,0,0,0,0,0,NA,"Google","Smartphone","Weekdays",3,2,3,0,0,1,0,0,1,"2 days ago",5,"set timer",2,4,3,4,4,4,2,4,2,4,2,3,2,4,5,4,3,5,4,4,5,4,3,4,4,3,8,8,9,7,7,6,7,8,4,4,5,1,35,1,3,NA,1,1,3,NA
2020-05-06 08:05:44,209,1,1,1,0,0,0,0,0,0,NA,"Google","Smartphone","All days",7,1,14,1,0,0,1,0,1,"> 7 days ago",3,"buy/order something",3,3,1,2,2,1,1,1,1,1,1,2,3,5,5,5,5,4,5,2,2,2,3,3,3,3,6,1,1,7,7,7,6,6,2,4,2,1,37,1,3,NA,1,1,2,NA
2020-05-06 08:05:45,425,1,1,1,0,0,0,0,0,0,NA,"Google","Smartphone","All days",6,5,12345,1,1,1,1,1,1,"3 days ago",3,"buy/order something",5,4,1,5,2,2,1,3,1,4,3,3,3,3,3,3,3,3,3,5,5,5,5,5,3,3,8,8,8,8,8,8,8,8,3,3,3,1,43,1,3,NA,1,2,5,NA
2020-05-06 08:05:46,423,1,124,1,1,0,1,0,0,0,NA,"Amazon","Smart Speaker","Weekend",5,5,145,1,0,0,1,1,1,"Today",9,"check weather/news",10,4,4,2,2,3,2,4,3,4,2,4,4,4,4,4,4,4,5,4,4,4,4,3,3,3,8,9,8,9,8,9,9,8,4,4,4,1,31,1,3,NA,1,2,3,NA
2020-05-06 08:05:47,372,1,1,1,0,0,0,0,0,0,NA,"Google","Smartphone","All days",5,30,15,1,0,0,0,1,1,"> 7 days ago",3,"check traffic /navigation",5,4,4,2,2,2,2,3,1,4,3,4,4,4,4,4,4,4,4,4,4,4,4,4,4,3,8,8,8,7,8,9,8,8,4,4,4,1,32,1,3,NA,1,1,2,NA
2020-05-06 08:05:48,302,1,1,1,0,0,0,0,0,0,NA,"Google",NA,"All days",7,4,1234,1,1,1,1,0,1,"Yesterday",2,"add items to a shopping list",2,5,5,4,3,3,3,4,4,4,3,3,3,4,4,4,4,4,4,4,4,4,4,4,4,3,9,9,9,7,8,8,9,9,5,5,5,1,27,1,3,NA,1,2,4,NA
2020-05-06 08:05:55,359,1,2,0,1,0,0,0,0,0,NA,"Amazon","Smart Speaker","Weekdays",5,5,145,1,0,0,1,1,1,"5 days ago",5,"add items to a shopping list",1,4,3,1,1,1,1,4,1,3,1,4,4,3,2,2,3,2,5,4,4,4,4,4,3,3,8,8,8,7,7,7,7,7,4,4,4,1,24,1,3,NA,1,1,3,NA
2020-05-06 08:05:58,242,1,12345,1,1,1,1,1,0,0,NA,"Amazon","Smart Speaker","Weekdays",1,2,2345,0,1,1,1,1,1,"Yesterday",3,"play music",10,3,3,3,3,1,4,4,3,4,3,5,5,5,5,3,4,3,4,2,3,4,5,4,4,3,9,8,6,9,10,7,9,8,5,4,2,1,25,1,4,NA,1,2,1,NA
2020-05-06 08:05:59,242,1,1,1,0,0,0,0,0,0,NA,"Google","Smartphone","Weekdays",2,3,134,1,0,1,1,0,1,"2 days ago",5,"send text /email",10,2,2,4,2,3,3,3,3,3,4,2,2,3,4,2,3,4,4,3,3,3,2,3,3,3,7,6,8,8,9,8,7,8,4,2,2,1,25,1,3,NA,1,2,3,NA
2020-05-06 08:05:59,207,1,1,1,0,0,0,0,0,0,NA,"Google","Smartphone","Weekend",1,4,1,1,0,0,0,0,1,"3 days ago",3,"play music",50,5,4,4,5,5,5,4,4,5,4,5,4,5,5,4,4,4,5,5,5,4,4,5,5,3,8,9,8,9,10,9,10,9,5,4,5,1,28,1,3,NA,1,2,3,NA
2020-05-06 08:06:02,232,1,2,0,1,0,0,0,0,0,NA,"Amazon","Smart Speaker","All days",7,22,12345,1,1,1,1,1,1,"Yesterday",9,"buy/order something",10,1,1,4,2,1,1,1,1,1,1,1,1,1,1,1,1,1,4,5,5,5,2,3,3,3,9,9,6,7,7,7,6,7,5,5,5,1,38,1,4,NA,1,2,2,NA
2020-05-06 08:06:09,384,1,2,0,1,0,0,0,0,0,NA,"Amazon","Smartphone","Weekend",3,5,1,1,0,0,0,0,1,"4 days ago",5,"play music",45,4,5,4,4,4,5,5,5,5,4,4,5,4,5,5,5,5,4,4,5,5,4,4,5,3,8,9,9,9,10,9,10,9,4,5,5,1,47,1,4,NA,1,2,4,NA
2020-05-06 08:06:10,318,1,1,1,0,0,0,0,0,0,NA,"Google","Smartphone","Weekdays",4,2,13,1,0,1,0,0,1,"4 days ago",5,"send text /email",3,4,4,1,2,2,2,4,2,4,2,4,4,4,4,4,4,4,4,4,4,4,4,4,4,3,8,8,9,7,7,7,7,7,4,4,4,3,34,1,3,NA,1,1,2,NA
2020-05-06 08:06:12,465,1,1345,1,0,1,1,1,0,0,NA,"Microsoft","Smartphone","All days",2,8,12345,1,1,1,1,1,1,"7 days ago",10,"buy/order something",5,5,4,4,4,5,5,NA,5,NA,4,5,NA,5,4,5,4,5,5,5,5,5,1,4,5,3,8,9,9,9,10,10,9,10,4,5,5,2,33,1,4,NA,1,2,3,NA
2020-05-06 08:06:20,397,1,12,1,1,0,0,0,0,0,NA,"Amazon","Smartphone","Weekdays",7,7,1,1,0,0,0,0,1,"> 7 days ago",10,"play music",6,5,5,4,5,5,4,5,4,4,4,5,5,5,5,5,4,4,4,5,5,5,5,5,4,3,9,8,9,10,10,9,9,9,5,4,5,1,23,1,3,NA,2,1,1,NA
2020-05-06 08:06:20,368,1,2,0,1,0,0,0,0,0,NA,"Amazon","Smart Speaker","All days",4,3,134,1,0,1,1,0,1,"6 days ago",3,"add items to a shopping list",4,4,4,2,2,2,3,4,1,4,1,4,4,4,5,4,4,4,4,4,4,4,4,3,3,3,9,9,9,7,7,7,7,7,4,4,4,2,52,1,4,NA,1,2,4,NA
2020-05-06 08:06:21,304,1,3,0,0,1,0,0,0,0,NA,"Apple","Smartphone","All days",7,5,3,0,0,1,0,0,1,"5 days ago",3,"check traffic /navigation",3,5,5,1,1,1,1,5,1,5,1,5,5,5,5,5,5,5,5,5,5,5,5,5,5,3,9,9,9,6,6,6,6,6,5,5,5,1,32,1,3,NA,1,2,4,NA
2020-05-06 08:06:21,196,1,12,1,1,0,0,0,0,0,NA,"Amazon","Smart Speaker","Weekdays",5,4,4,0,0,0,1,0,1,"3 days ago",9,"play music",30,5,5,3,5,4,4,5,5,4,4,5,4,4,4,4,5,4,3,5,4,4,5,4,4,3,8,8,9,10,9,10,9,10,5,4,4,1,30,1,4,NA,1,2,3,NA
2020-05-06 08:06:23,389,1,125,1,1,0,0,1,0,0,NA,"Google","Smartphone","All days",6,3,134,1,0,1,1,0,1,"6 days ago",5,"check traffic /navigation",5,1,1,1,1,1,1,1,1,1,1,1,1,1,1,1,1,1,5,4,4,4,3,3,3,3,9,9,1,9,9,9,9,9,4,3,4,2,44,1,4,NA,1,1,3,NA
2020-05-06 08:06:23,317,1,23,0,1,1,0,0,0,0,NA,"Amazon","Smart Speaker","Weekend",7,2,1,1,0,0,0,0,1,"Yesterday",9,"check traffic /navigation",5,3,3,2,3,2,3,2,2,3,3,3,3,2,3,2,2,3,4,4,4,4,4,3,3,3,8,8,7,9,9,8,8,9,4,4,4,1,28,1,3,NA,1,1,3,NA
2020-05-06 08:06:34,440,1,24,0,1,0,1,0,0,0,NA,"Microsoft","Smart Speaker","All days",5,2,13,1,0,1,0,0,1,"3 days ago",3,"check weather/news",10,3,2,4,4,4,2,3,2,3,2,4,2,4,4,4,4,4,4,4,4,4,3,4,4,3,8,8,8,8,9,9,9,9,4,4,4,1,70,1,3,NA,2,2,2,NA
2020-05-06 08:06:34,466,1,2,0,1,0,0,0,0,0,NA,"Amazon","Smart Speaker","All days",7,5,1345,1,0,1,1,1,1,"> 7 days ago",5,"add items to a shopping list",3,2,3,3,4,3,4,4,3,4,2,3,3,3,4,3,2,3,3,4,4,4,4,3,4,3,7,8,7,8,7,9,8,7,3,4,3,1,34,1,3,NA,1,2,3,NA
2020-05-06 08:06:36,356,1,23,0,1,1,0,0,0,0,NA,"Apple","Smartphone","Weekend",2,10,1,1,0,0,0,0,1,"2 days ago",9,"check weather/news",10,5,5,5,2,4,3,4,5,4,3,5,3,4,2,3,5,4,3,5,5,4,4,3,4,3,8,7,8,8,9,7,9,8,4,4,4,1,33,1,3,NA,1,2,3,NA
2020-05-06 08:06:43,146,1,1,1,0,0,0,0,0,0,NA,"Google","Smart Speaker","Weekdays",4,3,3,0,0,1,0,0,1,"5 days ago",2,"play music",20,5,5,5,4,5,4,5,5,4,5,5,4,5,4,5,5,4,4,4,5,4,5,4,5,3,8,9,9,10,9,10,10,6,4,5,5,1,28,1,4,NA,1,2,3,NA
2020-05-06 08:06:43,262,1,2,0,1,0,0,0,0,0,NA,"Amazon","Smart Speaker","All days",7,3,124,1,1,0,1,0,1,"4 days ago",3,"buy/order something",5,3,4,1,1,3,1,3,1,3,1,4,4,4,4,4,4,4,4,4,4,4,4,4,3,3,8,8,7,7,7,7,7,7,4,4,4,1,39,1,2,NA,1,2,2,NA
2020-05-06 08:06:49,529,1,12,1,1,0,0,0,0,0,NA,"Amazon","Smart Speaker","Weekend",7,5,345,0,0,1,1,1,1,"4 days ago",3,"send text /email",15,4,4,2,2,1,2,5,1,4,1,5,4,5,5,5,4,4,4,5,5,5,5,4,4,3,8,9,9,9,9,9,8,8,4,4,4,1,34,2,3,NA,1,3,NA,4
2020-05-06 08:06:52,218,1,3,0,0,1,0,0,0,0,NA,"Apple","Smartphone","All days",4,3,34,0,0,1,1,0,1,"3 days ago",9,"send text /email",2,4,3,1,1,2,1,3,2,3,1,3,3,4,4,4,5,5,5,5,5,4,4,4,3,3,9,8,7,7,7,7,6,7,4,4,4,2,29,1,3,NA,1,1,2,NA
2020-05-06 08:06:54,494,1,1,1,0,0,0,0,0,0,NA,"Google","Smartphone","Weekend",2,3,4,0,0,0,1,0,1,"4 days ago",2,"play music",30,4,4,3,4,3,3,3,4,3,3,4,4,3,5,2,3,3,4,3,2,4,4,3,3,3,8,9,8,8,9,8,9,10,3,4,5,2,34,1,4,NA,1,2,2,NA
2020-05-06 08:06:56,294,1,2,0,1,0,0,0,0,0,NA,"Amazon","Smart Speaker","All days",7,8,3,0,0,1,0,0,1,"3 days ago",5,"buy/order something",10,4,2,3,4,3,2,2,3,3,3,2,1,2,2,3,4,3,4,4,4,4,4,3,3,3,6,6,6,7,8,6,7,8,3,2,3,1,33,1,3,NA,1,1,2,NA
2020-05-06 08:06:58,266,1,1345,1,0,1,1,1,0,0,NA,"Google","Smartphone","All days",7,3,13,1,0,1,0,0,1,"3 days ago",5,"check weather/news",5,2,3,2,1,2,1,4,2,4,2,3,5,1,1,4,1,4,5,4,4,4,4,5,3,3,8,8,9,7,7,7,7,7,4,5,4,1,35,1,5,NA,1,1,5,NA
2020-05-06 08:06:58,208,1,1,1,0,0,0,0,0,0,NA,"Google","Smart Speaker","Weekdays",3,5,1,1,0,0,0,0,1,"5 days ago",10,"check traffic /navigation",30,4,5,4,5,5,4,4,4,4,4,5,5,5,4,4,4,5,4,5,5,5,5,4,4,3,8,9,8,9,10,9,9,10,4,5,4,2,35,1,4,NA,1,2,3,NA
2020-05-06 08:07:09,461,1,13,1,0,1,0,0,0,0,NA,"Apple","Smartphone","All days",7,10,12345,1,1,1,1,1,1,"Today",2,"play music",10,5,5,5,5,5,5,5,5,5,5,5,5,5,5,5,5,5,5,5,5,5,5,5,5,3,9,9,9,10,10,10,10,10,5,5,5,1,37,1,4,NA,1,2,2,NA
2020-05-06 08:07:10,345,1,1,1,0,0,0,0,0,0,NA,"Google","Smartphone","All days",5,2,3,0,0,1,0,0,1,"Yesterday",5,"check traffic /navigation",15,4,3,4,3,3,4,4,3,3,2,4,3,4,4,4,4,4,3,4,4,4,3,4,4,3,8,8,7,8,9,8,9,8,4,4,4,1,34,1,3,NA,1,2,2,NA
2020-05-06 08:07:14,335,1,5,0,0,0,0,1,0,0,NA,"Samsung","Smart Speaker","Weekdays",2,3,3,0,0,1,0,0,1,"3 days ago",5,"set timer",60,4,5,4,4,5,4,4,5,5,4,5,5,5,5,4,4,4,4,4,4,5,4,4,4,3,8,9,8,10,9,10,10,9,4,5,4,1,30,1,4,NA,1,2,3,NA
2020-05-06 08:07:17,268,1,123,1,1,1,0,0,0,0,NA,"Google","Smartphone","All days",5,3,134,1,0,1,1,0,1,"> 7 days ago",10,"play music",1,4,4,3,4,5,5,5,5,5,3,4,4,4,4,5,5,4,5,4,5,5,3,4,5,3,8,7,8,8,9,9,8,10,3,4,4,2,34,1,3,NA,1,2,3,NA
2020-05-06 08:07:19,584,1,2,0,1,0,0,0,0,0,NA,"Amazon","Smart Speaker","All days",7,5,145,1,0,0,1,1,1,"Today",3,"play music",30,4,3,5,3,4,5,5,3,4,5,4,4,5,3,5,3,4,4,4,4,3,4,5,4,3,8,9,8,10,8,9,9,10,5,4,5,1,46,1,4,NA,1,2,2,NA
2020-05-06 08:07:21,560,1,1,1,0,0,0,0,0,0,NA,"Google","Smartphone","All days",7,5,3,0,0,1,0,0,1,"6 days ago",3,"check weather/news",2,4,4,1,1,1,3,3,1,3,1,4,4,4,4,4,4,5,5,4,4,4,4,4,4,3,9,9,9,8,8,8,8,8,4,4,4,1,47,1,5,NA,2,2,3,NA
2020-05-06 08:07:28,202,1,2,0,1,0,0,0,0,0,NA,"Amazon","Smartphone","Weekdays",2,3,12,1,1,0,0,0,1,"2 days ago",3,"play music",10,4,4,4,5,4,5,4,5,4,4,4,5,4,4,4,5,4,5,4,2,2,2,2,1,3,8,8,9,9,9,10,9,9,4,5,5,1,44,1,4,NA,1,2,2,NA
2020-05-06 08:07:30,329,1,123,1,1,1,0,0,0,0,NA,"Google","Smartphone","All days",3,1,4,0,0,0,1,0,1,"3 days ago",9,"buy/order something",5,4,4,1,2,2,2,3,2,3,2,4,4,4,4,4,4,4,5,4,4,4,3,3,3,3,8,8,9,7,7,8,7,8,4,5,4,1,26,1,3,NA,1,1,2,NA
2020-05-06 08:07:51,487,1,12,1,1,0,0,0,0,0,NA,"Amazon","Smart Speaker","Weekend",3,3,1,1,0,0,0,0,1,"2 days ago",5,"play music",35,4,4,4,3,3,3,3,4,3,3,4,3,4,4,3,3,3,3,4,3,4,4,4,3,3,7,8,7,8,9,8,8,9,3,4,3,1,35,1,4,NA,1,2,2,NA
2020-05-06 08:07:55,208,1,4,0,0,0,1,0,0,0,NA,"Microsoft","Smartphone","Weekdays",3,10,12,1,1,0,0,0,1,"2 days ago",3,"play music",30,5,4,5,4,5,4,5,5,5,4,4,5,5,4,5,5,5,4,5,5,4,5,5,4,3,9,8,9,10,10,9,10,9,5,5,4,1,30,1,4,NA,1,2,3,NA
2020-05-06 08:07:55,281,1,123,1,1,1,0,0,0,0,NA,"Apple","Smartphone","Weekdays",5,6,12345,1,1,1,1,1,1,"Yesterday",3,"check weather/news",2,2,2,4,2,2,2,2,2,4,2,2,4,4,4,4,4,4,4,4,4,4,4,4,4,3,8,8,8,7,7,7,7,7,4,4,4,2,28,1,2,NA,1,1,2,NA
2020-05-06 08:08:12,113,1,2,0,1,0,0,0,0,0,NA,"Amazon","Smartphone","Weekend",3,5,2,0,1,0,0,0,1,"2 days ago",5,"check weather/news",15,4,3,5,4,4,3,4,3,5,3,4,4,2,5,3,3,4,4,1,4,3,3,4,4,3,8,9,8,8,9,10,8,8,3,4,5,1,60,1,3,NA,2,2,3,NA
2020-05-06 08:08:20,265,1,124,1,1,0,1,0,0,0,NA,"Google","Smartphone","Weekend",2,5,13,1,0,1,0,0,1,"3 days ago",3,"play music",20,2,5,2,4,4,3,5,3,2,3,4,5,4,5,3,2,4,5,3,2,3,3,3,4,3,8,6,7,9,7,8,10,9,4,2,4,1,30,1,4,NA,1,2,2,NA
2020-05-06 08:08:20,483,1,3,0,0,1,0,0,0,0,NA,"Apple","Smartphone","Weekend",3,5,25,0,1,0,0,1,1,"2 days ago",3,"set timer",40,5,4,4,4,5,5,4,4,5,5,5,4,4,4,5,4,5,3,2,2,1,2,2,2,3,9,8,9,10,9,8,10,9,5,4,3,1,30,1,4,NA,1,2,3,NA
2020-05-06 08:08:28,528,1,2,0,1,0,0,0,0,0,NA,"Amazon","Smart Speaker","All days",7,10,12345,1,1,1,1,1,1,"> 7 days ago",9,"set timer",30,4,5,4,3,5,2,3,5,5,4,5,4,5,5,4,3,4,3,4,5,5,4,5,5,3,9,7,8,10,8,9,10,9,4,3,5,1,33,1,3,NA,1,2,3,NA
2020-05-06 08:08:32,194,1,1,1,0,0,0,0,0,0,NA,"Google","Smartphone","Weekend",3,1,3,0,0,1,0,0,1,"3 days ago",3,"check weather/news",30,4,5,4,4,4,4,4,4,4,4,4,5,4,4,4,4,4,4,4,4,4,3,4,4,3,8,9,8,9,9,9,9,9,4,4,4,1,34,1,3,NA,1,2,3,NA
2020-05-06 08:08:36,641,1,23,0,1,1,0,0,0,0,NA,"Amazon","Smart Speaker","All days",7,10,134,1,0,1,1,0,1,"3 days ago",9,"play music",60,4,4,3,4,3,3,3,4,3,3,3,4,4,3,3,4,4,3,3,4,4,4,4,4,3,8,8,7,8,8,8,8,8,4,4,4,1,32,1,3,NA,1,1,2,NA
2020-05-06 08:08:36,345,1,3,0,0,1,0,0,0,0,NA,"Apple","Smart Speaker","Weekdays",5,15,134,1,0,1,1,0,1,"4 days ago",5,"buy/order something",10,4,5,2,3,4,5,4,3,4,5,3,4,4,3,3,5,3,5,2,3,3,2,3,4,2,7,8,6,9,9,8,9,9,4,4,3,1,58,1,3,NA,1,2,2,NA
2020-05-06 08:08:41,273,1,123,1,1,1,0,0,0,0,NA,"Google","Other","All days",1,50,12345,1,1,1,1,1,1,"Yesterday",2,"play music",20,4,4,3,3,5,3,4,5,4,4,3,5,4,5,4,4,3,5,4,4,4,3,4,4,3,9,8,9,10,9,10,10,9,5,4,5,2,32,1,3,NA,1,2,2,NA
2020-05-06 08:08:50,606,1,2,0,1,0,0,0,0,0,NA,"Amazon","Smart Speaker","All days",7,5,1345,1,0,1,1,1,1,"Yesterday",9,"other",5,1,1,1,1,1,1,1,1,4,1,4,4,4,4,1,1,4,4,4,4,4,3,3,3,3,8,6,6,6,6,6,6,6,4,4,4,1,43,1,2,NA,1,1,2,NA
2020-05-06 08:08:53,557,1,1,1,0,0,0,0,0,0,NA,"Google","Smart Speaker","Weekend",4,5,24,0,1,0,1,0,1,"2 days ago",5,"play music",7,4,2,4,3,4,3,4,3,4,4,4,4,3,3,4,3,3,4,4,4,4,3,4,4,3,8,8,8,9,8,8,9,9,4,4,3,1,28,1,3,NA,1,1,2,NA
2020-05-06 08:09:01,308,1,14,1,0,0,1,0,0,0,NA,"Google","Smartphone","All days",2,1,3,0,0,1,0,0,1,"> 7 days ago",5,"check traffic /navigation",3,1,1,1,1,1,1,1,1,1,1,4,4,4,4,4,1,4,5,5,4,4,3,3,3,3,9,8,8,7,8,7,9,8,4,4,4,1,29,1,6,"Associates Degree",7,1,1,NA
2020-05-06 08:09:02,154,1,3,0,0,1,0,0,0,0,NA,"Apple","Smartphone","All days",3,2,13,1,0,1,0,0,1,"2 days ago",9,"send text /email",2,2,2,3,2,3,3,2,3,2,3,3,3,3,3,3,3,4,4,4,4,4,3,3,3,3,9,9,7,7,7,7,7,7,4,4,4,2,29,1,2,NA,1,1,2,NA
2020-05-06 08:09:02,319,1,124,1,1,0,1,0,0,0,NA,"Google","Smartphone","All days",7,4,145,1,0,0,1,1,1,"Today",9,"set timer",1,5,4,4,5,3,3,2,3,5,1,4,4,5,4,5,3,3,2,5,4,4,5,4,5,2,9,7,8,10,8,9,10,8,3,3,4,2,25,1,4,NA,1,2,3,NA
2020-05-06 08:09:11,172,1,2,0,1,0,0,0,0,0,NA,"Amazon","Smartphone","Weekend",2,2,123,1,1,1,0,0,1,"Yesterday",3,"check weather/news",20,3,3,3,2,4,1,5,3,3,4,5,4,5,5,4,4,3,3,3,3,3,3,4,4,3,8,9,7,9,10,7,10,9,3,4,5,1,25,1,3,NA,1,2,1,NA
2020-05-06 08:09:11,259,1,12,1,1,0,0,0,0,0,NA,"Google","Smartphone","All days",1,26,12345,1,1,1,1,1,1,"Yesterday",5,"add items to a shopping list",NA,3,4,3,4,5,4,3,5,4,4,5,4,3,4,4,5,5,4,4,4,4,3,4,5,3,8,9,8,9,8,10,9,8,3,5,4,2,49,1,3,NA,1,2,3,NA
2020-05-06 08:09:28,114,1,3,0,0,1,0,0,0,0,NA,"Apple","Smartphone","Weekend",3,4,3,0,0,1,0,0,1,"2 days ago",3,"add items to a shopping list",25,4,4,3,4,5,3,4,5,5,3,4,3,5,4,3,5,4,3,2,2,2,3,3,2,1,8,7,9,9,8,7,8,9,3,4,2,2,53,1,4,NA,6,2,2,NA
2020-05-06 08:09:35,707,1,4,0,0,0,1,0,0,0,NA,"Microsoft","Smart Speaker","Weekdays",4,14,4,0,0,0,1,0,1,"Yesterday",9,"make a reservation",NA,5,4,5,4,3,5,5,5,4,5,5,4,4,5,5,5,4,4,1,2,1,3,4,5,3,8,9,8,10,10,9,9,10,5,4,3,1,57,1,6,"some college",7,2,2,NA
2020-05-06 08:09:36,383,1,23,0,1,1,0,0,0,0,NA,"Amazon","Smart Speaker","All days",7,3,14,1,0,0,1,0,1,"> 7 days ago",5,"check weather/news",6,3,3,2,1,2,2,3,2,4,2,4,4,4,4,3,3,4,5,4,4,4,3,3,3,3,9,9,7,7,7,7,7,7,4,4,4,1,60,1,2,NA,1,2,2,NA
2020-05-06 08:09:38,283,1,5,0,0,0,0,1,0,0,NA,"Samsung","Smart Speaker","Weekend",3,5,2,0,1,0,0,0,1,"5 days ago",9,"set timer",50,4,4,5,5,4,5,4,5,5,4,5,4,4,5,5,4,4,4,2,2,1,2,2,2,3,8,9,9,9,10,9,9,10,4,3,4,2,32,1,3,NA,1,2,2,NA
2020-05-06 08:09:41,586,1,13,1,0,1,0,0,0,0,NA,"Google","Smart Speaker","Weekdays",5,4,123,1,1,1,0,0,1,"4 days ago",5,"check weather/news",5,2,3,3,3,3,3,2,2,2,1,5,4,4,4,4,4,4,4,4,4,4,3,4,5,3,9,9,9,9,9,9,8,8,4,4,4,1,32,1,3,NA,1,1,3,NA
2020-05-06 08:09:45,502,1,2,0,1,0,0,0,0,0,NA,"Amazon","Smart Speaker","All days",3,10,1235,1,1,1,0,1,1,"Yesterday",3,"play music",15,4,4,5,4,3,5,4,5,4,5,5,5,5,4,3,5,4,5,4,4,5,4,5,5,3,8,9,7,9,10,8,9,8,4,5,3,1,28,1,3,NA,2,2,2,NA
2020-05-06 08:09:51,667,1,15,1,0,0,0,1,0,0,NA,"Google","Smart Speaker","Weekdays",5,3,123,1,1,1,0,0,1,"Yesterday",10,"check weather/news",5,5,5,1,1,1,1,3,1,5,1,5,5,5,5,5,4,1,5,5,5,5,4,4,3,3,9,9,9,9,8,9,8,9,4,5,5,2,35,1,3,NA,1,2,3,NA
2020-05-06 08:09:51,490,1,1,1,0,0,0,0,0,0,NA,"Google","Smartphone","Weekdays",7,10,134,1,0,1,1,0,1,"Today",10,"other",5,3,3,3,3,3,3,1,3,3,3,3,4,4,5,5,2,2,5,4,4,4,3,3,3,3,8,8,8,8,9,9,9,9,4,4,4,2,60,1,3,NA,1,1,2,NA
2020-05-06 08:09:56,570,1,12,1,1,0,0,0,0,0,NA,"Amazon","Smartphone","All days",4,4,45,0,0,0,1,1,1,"4 days ago",5,"play music",30,4,4,3,3,4,4,3,4,4,4,4,5,5,4,4,5,4,5,3,4,4,4,4,4,3,9,9,8,9,8,9,9,9,5,4,5,1,33,1,3,NA,1,2,3,NA
2020-05-06 08:10:00,340,1,36,0,0,1,0,0,1,0,"Google Mini Home",NA,"Smart Speaker","All days",7,10,12345,1,1,1,1,1,1,"Yesterday",9,"check weather/news",6,3,3,4,4,3,3,2,4,2,4,3,3,4,4,3,3,3,4,4,4,4,2,3,3,3,8,8,7,8,8,8,8,8,4,3,3,1,30,1,4,NA,1,1,3,NA
2020-05-06 08:10:01,255,1,13,1,0,1,0,0,0,0,NA,"Google","Smartphone","Weekdays",1,1,1,1,0,0,0,0,1,"4 days ago",3,"check traffic /navigation",2,3,2,3,3,2,2,1,3,1,3,2,3,4,3,2,2,3,4,4,4,4,3,3,3,3,7,6,6,10,10,10,10,10,4,3,3,1,36,1,2,NA,2,1,2,NA
2020-05-06 08:10:01,326,1,2,0,1,0,0,0,0,0,NA,"Amazon","Smartphone","Weekend",2,1,12,1,1,0,0,0,1,"Yesterday",3,"play music",2,3,3,4,2,3,4,3,3,4,3,4,3,4,4,4,4,3,4,1,1,1,2,2,2,3,8,8,8,8,8,8,9,9,3,4,4,1,34,1,2,NA,1,1,2,NA
2020-05-06 08:10:03,633,1,15,1,0,0,0,1,0,0,NA,"Samsung","Smartphone","All days",1,1,2,0,1,0,0,0,1,"2 days ago",9,"buy/order something",1,1,1,1,1,1,1,1,1,3,1,4,4,5,3,3,5,5,5,4,4,4,3,4,3,3,9,9,9,9,9,10,8,10,5,5,5,1,30,1,2,NA,7,1,2,NA
2020-05-06 08:10:04,239,1,1,1,0,0,0,0,0,0,NA,"Google","Smart Speaker","Weekdays",7,8,2345,0,1,1,1,1,1,"3 days ago",3,"play music",4,3,3,2,4,4,4,4,3,4,4,3,3,4,2,4,3,4,3,4,4,4,4,5,4,3,7,8,8,8,9,9,8,7,5,5,5,2,31,1,2,NA,2,2,2,NA
2020-05-06 08:10:10,452,1,14,1,0,0,1,0,0,0,NA,"Google","Smartphone","Weekdays",4,4,134,1,0,1,1,0,1,"5 days ago",5,"play music",3,4,5,2,1,2,3,5,2,5,5,5,5,5,4,4,3,4,5,5,5,5,5,4,4,3,9,9,8,7,9,8,7,9,4,4,5,2,30,1,4,NA,1,2,3,NA
2020-05-06 08:10:12,204,1,125,1,1,0,0,1,0,0,NA,"Amazon","Smart Speaker","Weekdays",4,4,145,1,0,0,1,1,1,"2 days ago",5,"play music",45,4,5,5,4,3,3,4,5,4,5,3,4,4,5,3,3,3,4,4,3,2,4,3,4,3,8,9,7,9,9,10,10,8,4,4,5,1,28,1,3,NA,1,2,2,NA
2020-05-06 08:10:17,171,1,1,1,0,0,0,0,0,0,NA,"Google","Smartphone","Weekend",2,4,1,1,0,0,0,0,1,"Yesterday",3,"play music",50,4,4,4,5,4,5,5,5,4,5,5,4,5,5,5,4,4,5,5,4,5,5,4,4,3,8,9,8,10,9,10,10,9,4,5,5,2,39,1,3,NA,1,2,3,NA
2020-05-06 08:10:19,214,1,1234,1,1,1,1,0,0,0,NA,"Google","Smart Speaker","Weekdays",1,5,1,1,0,0,0,0,1,"Yesterday",3,"check weather/news",5,5,5,4,4,4,4,5,4,4,3,5,4,4,4,5,4,5,3,2,1,1,1,2,2,3,8,9,8,7,9,8,10,10,2,5,5,1,60,1,3,NA,1,2,3,NA
2020-05-06 08:10:22,109,1,1245,1,1,0,1,1,0,0,NA,"Google","Smartphone","All days",4,2,24,0,1,0,1,0,1,"3 days ago",9,"other",15,3,3,3,4,2,2,3,2,3,2,3,2,3,2,3,2,2,3,2,3,3,4,2,4,3,6,7,7,8,7,8,7,8,3,2,3,2,28,1,3,NA,1,1,2,NA
2020-05-06 08:10:24,261,1,12,1,1,0,0,0,0,0,NA,"Google","Smartphone","All days",2,10,12345,1,1,1,1,1,1,"Yesterday",3,"play music",5,4,3,3,4,5,2,3,4,5,4,4,3,3,4,5,4,2,3,1,2,3,4,4,3,3,8,7,7,9,10,9,7,9,5,4,3,1,58,1,3,NA,2,1,3,NA
2020-05-06 08:10:32,377,1,3,0,0,1,0,0,0,0,NA,"Apple","Smart Speaker","All days",3,2,3,0,0,1,0,0,1,"> 7 days ago",5,"buy/order something",5,4,3,2,3,3,2,4,2,3,2,4,4,4,4,3,3,3,4,4,4,4,4,3,3,3,8,8,8,7,7,7,8,8,4,4,4,2,62,1,4,NA,2,1,2,NA
2020-05-06 08:10:33,195,1,124,1,1,0,1,0,0,0,NA,"Google","Smart Speaker","Weekend",3,5,13,1,0,1,0,0,1,"2 days ago",3,"play music",55,4,4,5,5,4,5,5,4,4,5,5,4,5,4,4,4,5,5,1,2,1,2,4,4,3,8,9,8,10,9,10,10,9,4,5,4,1,35,1,4,NA,1,2,3,NA
2020-05-06 08:10:40,194,1,13,1,0,1,0,0,0,0,NA,"Google","Smartphone","Weekdays",4,5,1,1,0,0,0,0,1,"Yesterday",5,"check weather/news",4,3,4,3,2,2,1,3,3,3,3,4,2,3,3,3,3,4,2,4,4,4,3,3,3,3,7,6,6,8,9,9,8,8,3,2,2,1,30,1,3,NA,1,1,3,NA
2020-05-06 08:10:40,290,1,123,1,1,1,0,0,0,0,NA,"Google","Smartphone","Weekend",2,2,4,0,0,0,1,0,1,"5 days ago",2,"check weather/news",2,5,4,1,1,1,1,3,1,3,1,5,5,5,5,5,5,5,5,4,4,5,4,3,3,3,9,9,9,6,6,6,6,6,5,5,5,1,33,1,3,NA,1,1,2,NA
2020-05-06 08:11:12,413,1,123,1,1,1,0,0,0,0,NA,"Amazon","Smartphone","Weekdays",4,5,145,1,0,0,1,1,1,"Today",9,"play music",30,5,4,3,4,5,4,4,3,5,5,4,5,4,4,3,5,5,4,5,3,4,5,4,5,3,8,9,8,9,8,10,10,8,4,5,5,1,30,1,4,NA,1,2,3,NA
2020-05-06 08:11:17,635,1,125,1,1,0,0,1,0,0,NA,"Amazon","Smartphone","Weekend",6,3,135,1,0,1,0,1,1,"2 days ago",2,"send text /email",30,5,4,4,4,5,4,5,4,5,5,4,4,5,4,4,5,4,5,5,4,4,5,5,5,3,8,9,9,10,9,10,9,10,5,4,5,2,30,1,4,NA,1,2,3,NA
2020-05-06 08:11:21,330,1,1,1,0,0,0,0,0,0,NA,"Google","Smartphone","Weekdays",7,10,4,0,0,0,1,0,1,"Yesterday",2,"play music",30,3,5,5,5,5,4,4,4,4,4,4,5,4,5,5,5,4,4,5,5,4,3,4,5,3,9,9,8,9,8,10,9,9,5,5,4,1,32,1,3,NA,1,2,3,NA
2020-05-06 08:11:25,328,1,3,0,0,1,0,0,0,0,NA,"Apple","Smartphone","All days",2,1,1,1,0,0,0,0,1,"> 7 days ago",5,"check weather/news",1,1,1,2,1,3,1,1,1,3,1,3,4,5,5,4,5,1,5,4,4,4,3,4,3,3,9,9,8,7,7,7,7,7,5,5,5,2,25,1,2,NA,2,1,3,NA
2020-05-06 08:11:26,219,1,1,1,0,0,0,0,0,0,NA,"Google","Smartphone","All days",3,2,13,1,0,1,0,0,1,"> 7 days ago",3,"send text /email",5,2,2,4,3,2,2,1,4,1,1,1,1,4,4,2,2,4,4,2,2,1,3,3,3,3,6,6,6,9,9,8,9,9,2,4,2,1,38,1,3,NA,1,2,3,NA
2020-05-06 08:11:30,210,1,2,0,1,0,0,0,0,0,NA,"Amazon","Smart Speaker","Weekdays",2,3,1,1,0,0,0,0,1,"> 7 days ago",3,"play music",5,5,5,5,5,5,5,5,NA,NA,5,5,NA,5,5,5,5,5,5,5,2,2,1,4,5,3,9,9,9,10,10,10,10,10,5,5,5,2,32,1,3,NA,2,2,3,NA
2020-05-06 08:11:31,325,1,23,0,1,1,0,0,0,0,NA,"Amazon","Smart Speaker","Weekend",2,65,3,0,0,1,0,0,1,"2 days ago",9,"make a reservation",56,3,3,4,4,3,3,3,4,3,3,3,3,4,4,3,3,3,3,3,3,2,2,1,1,3,7,8,7,9,8,8,9,8,3,3,3,3,38,2,3,NA,7,2,NA,3
2020-05-06 08:11:39,250,1,125,1,1,0,0,1,0,0,NA,"Google","Smartphone","All days",5,3,45,0,0,0,1,1,1,"> 7 days ago",3,"check weather/news",2,3,1,5,1,1,1,1,1,1,1,1,1,5,1,1,3,3,5,4,4,4,2,3,3,3,7,8,1,7,7,7,6,6,4,5,4,1,37,1,3,NA,1,1,3,NA
2020-05-06 08:11:48,438,1,234,0,1,1,1,0,0,0,NA,"Amazon","Smart Speaker","Weekdays",5,4,1345,1,0,1,1,1,1,"6 days ago",9,"buy/order something",5,4,3,1,1,1,1,4,1,4,1,5,4,4,4,4,5,4,5,4,4,4,5,5,4,3,9,9,8,7,6,6,6,7,4,5,4,1,38,1,4,NA,1,2,3,NA
2020-05-06 08:11:49,610,1,12,1,1,0,0,0,0,0,NA,"Google","Smartphone","Weekend",2,2,1,1,0,0,0,0,1,"6 days ago",3,"play music",4,3,2,4,1,3,3,5,2,2,3,5,3,5,5,5,5,3,1,3,3,3,3,5,5,3,8,8,6,7,8,7,7,9,3,4,3,2,45,1,3,NA,1,2,5,NA
2020-05-06 08:11:51,519,1,1,1,0,0,0,0,0,0,NA,"Google","Smartphone","All days",2,4,3,0,0,1,0,0,1,"2 days ago",3,"set timer",2,4,5,4,5,4,4,4,NA,5,NA,4,NA,4,5,5,5,5,4,4,4,4,4,5,4,3,8,9,8,9,10,9,9,10,4,5,5,2,34,1,4,NA,1,2,3,NA
2020-05-06 08:11:52,231,1,12,1,1,0,0,0,0,0,NA,"Amazon","Smartphone","Weekend",2,3,13,1,0,1,0,0,1,"2 days ago",9,"buy/order something",30,4,4,5,5,5,4,4,5,5,5,5,4,4,5,4,5,5,4,5,4,4,5,5,4,2,8,9,9,10,9,9,10,10,5,4,5,1,30,1,4,NA,1,2,3,NA
2020-05-06 08:12:00,367,1,1,1,0,0,0,0,0,0,NA,"Google","Smartphone","Weekdays",5,4,14,1,0,0,1,0,1,"Yesterday",10,"check traffic /navigation",5,5,4,1,1,1,1,5,1,5,1,5,5,5,5,5,5,5,5,4,4,4,4,4,4,3,9,9,9,6,6,6,6,6,4,4,4,1,24,1,3,NA,1,1,2,NA
2020-05-06 08:12:01,292,1,2,0,1,0,0,0,0,0,NA,"Amazon","Smart Speaker","All days",7,8,12,1,1,0,0,0,1,"> 7 days ago",5,"play music",30,4,4,5,5,5,5,4,5,4,5,5,4,5,5,5,5,4,4,5,5,3,4,4,3,2,9,8,9,10,9,10,10,9,5,4,2,1,29,1,3,NA,1,2,3,NA
2020-05-06 08:12:02,254,1,1234,1,1,1,1,0,0,0,NA,"Amazon","Smartphone","Weekdays",5,5,124,1,1,0,1,0,1,"Yesterday",9,"add items to a shopping list",30,4,4,1,1,2,1,4,1,1,4,4,3,4,5,4,4,4,4,1,5,5,5,5,5,3,8,9,8,6,6,6,8,8,4,4,4,1,31,1,3,NA,1,2,2,NA
2020-05-06 08:12:03,581,1,15,1,0,0,0,1,0,0,NA,"Google","Smartphone","Weekdays",3,5,4,0,0,0,1,0,1,"3 days ago",5,"play music",30,3,3,4,5,5,4,4,4,3,3,5,2,5,4,4,2,3,3,2,2,2,1,3,4,3,8,6,7,9,10,8,9,8,3,5,4,1,32,1,3,NA,1,2,3,NA
2020-05-06 08:12:03,349,1,2,0,1,0,0,0,0,0,NA,"Amazon","Other","Weekdays",2,10,1,1,0,0,0,0,1,"2 days ago",3,"check weather/news",9,4,4,4,5,5,5,4,4,5,4,4,4,5,4,4,5,5,4,2,4,4,1,5,5,1,9,9,9,9,9,10,9,10,5,4,4,1,30,1,3,NA,1,2,1,NA
2020-05-06 08:12:04,190,1,12,1,1,0,0,0,0,0,NA,"Google","Smartphone","Weekdays",5,3,235,0,1,1,0,1,1,"Yesterday",2,"play music",15,4,4,3,4,5,4,4,5,4,4,4,3,4,4,5,4,3,4,4,4,5,4,3,4,3,8,7,8,9,10,9,8,9,4,4,5,1,30,1,4,NA,1,2,2,NA
2020-05-06 08:12:12,352,1,12345,1,1,1,1,1,0,0,NA,"Google","Smartphone","Weekdays",5,20,1345,1,0,1,1,1,1,"Today",10,"play music",2,4,4,4,4,3,5,3,4,3,4,5,3,1,4,5,3,5,4,5,4,4,5,4,5,3,9,7,7,9,8,9,8,9,4,4,3,1,35,1,4,NA,1,2,5,NA
2020-05-06 08:12:13,152,1,12,1,1,0,0,0,0,0,NA,"Amazon","Smart Speaker","All days",7,20,12345,1,1,1,1,1,1,"Today",10,"check weather/news",1,5,5,4,4,5,4,4,5,5,4,5,5,5,5,4,4,5,5,3,4,5,3,4,4,3,9,8,8,10,9,9,10,10,4,3,4,1,33,1,3,NA,1,1,3,NA
2020-05-06 08:12:18,483,1,1245,1,1,0,1,1,0,0,NA,"Amazon","Other","Weekdays",5,5,134,1,0,1,1,0,1,"2 days ago",2,"send text /email",5,4,4,3,5,5,4,4,4,5,5,3,5,5,4,5,5,4,4,4,5,4,4,5,4,3,8,9,8,10,9,10,10,9,5,4,5,1,32,1,3,NA,1,2,3,NA
2020-05-06 08:12:24,243,1,1,1,0,0,0,0,0,0,NA,"Google","Smartphone","All days",3,1,345,0,0,1,1,1,1,"3 days ago",5,"check weather/news",2,4,3,2,2,1,1,4,2,3,2,3,4,5,5,4,4,5,5,4,4,4,3,4,3,3,8,8,8,7,8,6,7,8,4,4,4,1,30,1,3,NA,1,1,2,NA
2020-05-06 08:12:25,224,1,1,1,0,0,0,0,0,0,NA,"Google","Smartphone","Weekdays",1,8,5,0,0,0,0,1,1,"Yesterday",2,"check weather/news",20,4,5,5,5,4,4,4,4,5,5,4,5,4,4,5,5,5,5,5,4,4,1,5,5,3,8,9,8,9,10,9,9,10,4,5,4,1,35,1,3,NA,1,2,3,NA
2020-05-06 08:12:27,837,1,1235,1,1,1,0,1,0,0,NA,"Google","Smart Speaker","All days",7,5,145,1,0,0,1,1,1,"2 days ago",3,"send text /email",2,3,3,3,2,3,2,2,2,2,2,3,3,5,5,5,4,4,5,4,4,2,3,3,3,3,8,8,7,8,8,9,8,8,4,4,4,1,36,1,2,NA,1,1,2,NA
2020-05-06 08:12:36,180,1,2,0,1,0,0,0,0,0,NA,"Amazon","Smartphone","Weekend",2,2,23,0,1,1,0,0,1,"Yesterday",3,"play music",10,5,4,2,4,5,3,3,4,4,5,3,5,2,4,3,3,4,5,3,5,4,3,3,3,2,9,7,8,10,9,8,9,8,4,5,3,1,25,1,3,NA,1,2,1,NA
2020-05-06 08:12:39,890,1,23,0,1,1,0,0,0,0,NA,"Apple","Smartphone","Weekdays",2,1,3,0,0,1,0,0,1,"7 days ago",5,"send text /email",2,3,1,2,2,3,1,1,2,3,2,3,2,4,4,4,4,5,5,5,5,4,3,4,4,3,8,9,8,6,6,6,6,6,4,4,4,1,24,1,3,NA,1,1,3,NA
2020-05-06 08:12:41,908,1,3,0,0,1,0,0,0,0,NA,"Apple","Smartphone","All days",7,2,24,0,1,0,1,0,1,"Today",10,"check weather/news",1,4,4,1,1,1,1,2,1,4,1,4,5,4,4,4,4,4,4,4,4,4,4,5,4,3,9,9,9,7,7,6,6,6,4,4,4,1,28,1,2,NA,1,1,2,NA
2020-05-06 08:12:41,227,1,23,0,1,1,0,0,0,0,NA,"Amazon","Smart Speaker","All days",7,7,12345,1,1,1,1,1,1,"> 7 days ago",2,"play music",60,5,4,4,5,5,3,5,3,3,4,5,4,4,4,5,5,5,3,5,4,4,5,5,4,3,8,9,9,9,8,10,9,8,5,3,4,1,50,1,3,NA,1,2,4,NA
2020-05-06 08:12:43,293,1,2,0,1,0,0,0,0,0,NA,"Amazon","Smart Speaker","Weekdays",3,2,2,0,1,0,0,0,1,"2 days ago",5,"play music",8,5,4,5,4,5,4,4,4,5,4,5,4,4,5,4,4,5,4,2,1,2,3,1,2,3,8,9,9,9,9,10,9,9,4,5,5,1,30,1,4,NA,1,2,2,NA
2020-05-06 08:12:47,308,1,1234,1,1,1,1,0,0,0,NA,"Google","Smartphone","All days",7,5,12345,1,1,1,1,1,1,"Yesterday",10,"check weather/news",15,3,5,4,5,5,3,3,4,5,3,4,4,4,3,3,5,4,4,5,5,5,4,5,4,3,8,9,8,8,9,10,9,10,3,5,5,1,28,1,3,NA,1,2,3,NA
2020-05-06 08:12:49,497,1,2,0,1,0,0,0,0,0,NA,"Amazon","Smart Speaker","Weekdays",4,2,2,0,1,0,0,0,1,"2 days ago",3,"send text /email",50,4,4,4,5,5,5,4,4,5,5,4,4,4,4,4,3,5,4,4,4,5,4,4,4,3,8,9,9,9,9,10,10,9,5,4,4,1,28,1,3,NA,1,2,2,NA
2020-05-06 08:12:51,348,1,24,0,1,0,1,0,0,0,NA,"Amazon","Smartphone","Weekdays",3,7,1,1,0,0,0,0,1,"2 days ago",2,"check weather/news",20,5,4,5,5,5,5,5,4,4,5,5,5,4,4,5,5,5,5,4,4,4,4,4,4,3,7,8,8,9,9,9,9,9,3,4,4,2,42,1,3,NA,2,2,2,NA
2020-05-06 08:13:04,375,1,12,1,1,0,0,0,0,0,NA,"Google","Smartphone","Weekdays",5,5,1,1,0,0,0,0,1,"2 days ago",9,"check traffic /navigation",1,3,3,1,1,3,1,1,1,1,1,1,1,3,3,3,3,5,5,4,4,4,3,3,3,3,7,8,7,8,8,8,8,8,3,3,3,1,38,1,2,NA,3,1,4,NA
2020-05-06 08:13:04,404,1,12345,1,1,1,1,1,0,0,NA,"Google","Smartphone","All days",7,10,34,0,0,1,1,0,1,"4 days ago",3,"check weather/news",30,3,4,4,5,5,3,3,4,5,5,4,3,4,5,4,3,5,4,5,4,4,5,4,5,3,8,9,8,8,10,9,10,9,4,5,4,1,30,1,3,NA,1,2,3,NA
2020-05-06 08:13:07,255,1,2,0,1,0,0,0,0,0,NA,"Amazon","Smartphone","Weekdays",7,5,45,0,0,0,1,1,1,"7 days ago",9,"play music",20,4,4,4,4,4,4,4,4,4,4,4,4,4,4,4,4,4,4,4,4,4,2,4,4,3,8,8,8,9,9,9,9,9,4,4,4,1,36,1,3,NA,1,2,2,NA
2020-05-06 08:13:09,889,1,1345,1,0,1,1,1,0,0,NA,"Microsoft","Other","Weekdays",3,3,1,1,0,0,0,0,1,"3 days ago",3,"add items to a shopping list",15,4,3,2,2,2,2,3,2,3,2,4,3,4,4,4,4,4,3,4,4,4,3,3,3,3,8,7,8,9,8,7,7,8,4,3,3,2,45,1,2,NA,1,2,3,NA
2020-05-06 08:13:09,877,1,5,0,0,0,0,1,0,0,NA,"Samsung","Smartphone","All days",5,6,123,1,1,1,0,0,1,"3 days ago",5,"check weather/news",2,4,3,3,1,1,1,2,1,4,1,4,3,5,5,5,4,4,5,4,4,4,3,4,3,3,9,9,8,6,6,6,6,6,4,5,4,2,29,1,6,"Associates degree",1,1,3,NA
2020-05-06 08:13:14,524,1,234,0,1,1,1,0,0,0,NA,"Amazon","Smart Speaker","All days",7,7,134,1,0,1,1,0,1,"2 days ago",10,"add items to a shopping list",10,5,4,3,2,3,1,2,3,4,1,4,3,5,4,4,4,5,5,4,4,4,4,3,3,3,8,8,8,7,8,8,7,9,4,4,4,1,45,1,3,NA,1,2,4,NA
2020-05-06 08:13:23,188,1,12345,1,1,1,1,1,0,0,NA,"Amazon","Smart Speaker","Weekdays",3,23,3,0,0,1,0,0,1,"3 days ago",5,"send text /email",25,5,4,4,4,5,4,3,4,5,4,4,4,3,4,4,4,5,3,4,5,5,4,5,3,2,8,9,8,9,8,9,9,9,4,3,4,1,38,1,3,NA,1,1,3,NA
2020-05-06 08:13:25,238,1,12,1,1,0,0,0,0,0,NA,"Amazon","Smartphone","Weekend",7,7,5,0,0,0,0,1,1,"> 7 days ago",10,"play music",6,4,5,4,5,5,4,4,5,5,4,5,4,5,5,5,4,5,4,5,5,5,4,4,5,3,9,8,9,10,9,10,10,10,4,5,4,1,27,1,3,NA,2,1,1,NA
2020-05-06 08:13:30,225,1,3,0,0,1,0,0,0,0,NA,"Apple","Smartphone","Weekdays",5,1,4,0,0,0,1,0,1,"5 days ago",3,"other",3,4,4,2,2,2,2,4,2,4,2,4,4,5,5,5,5,4,5,4,4,4,4,4,4,3,9,9,8,7,7,7,7,7,4,4,4,2,44,1,3,NA,1,2,3,NA
2020-05-06 08:13:38,272,1,1234,1,1,1,1,0,0,0,NA,"Amazon","Smart Speaker","Weekend",1,1,1,1,0,0,0,0,1,"> 7 days ago",2,"buy/order something",2,4,3,1,1,1,1,4,1,4,1,5,5,5,5,3,4,3,5,4,4,3,4,4,3,3,8,9,7,8,8,8,8,7,4,5,4,1,35,1,3,NA,1,1,2,NA
2020-05-06 08:13:42,896,1,1,1,0,0,0,0,0,0,NA,"Google","Smartphone","Weekdays",5,4,1235,1,1,1,0,1,1,"Today",3,"check weather/news",5,4,4,2,2,2,2,4,2,4,2,4,4,4,4,4,4,2,4,4,4,4,4,4,4,3,8,9,8,7,7,7,7,8,4,4,5,1,44,1,3,NA,7,2,1,NA
2020-05-06 08:13:47,324,1,1235,1,1,1,0,1,0,0,NA,"Google","Smartphone","Weekdays",3,5,1345,1,0,1,1,1,1,"3 days ago",3,"play music",8,5,4,4,5,5,4,5,4,4,5,4,4,4,4,5,5,5,4,4,4,5,2,4,5,3,8,9,9,9,10,9,9,10,4,3,5,2,37,1,3,NA,1,2,2,NA
2020-05-06 08:13:47,316,1,125,1,1,0,0,1,0,0,NA,"Google","Smartphone","All days",7,10,12345,1,1,1,1,1,1,"7 days ago",5,"send text /email",7,5,4,1,1,1,1,5,1,5,1,5,5,5,5,5,5,5,5,4,5,4,5,5,5,3,9,9,9,9,10,8,9,10,4,4,4,2,57,1,3,NA,1,2,5,NA
2020-05-06 08:13:59,234,1,123,1,1,1,0,0,0,0,NA,"Amazon","Smartphone","Weekend",1,48,12345,1,1,1,1,1,1,"Yesterday",3,"play music",NA,5,4,4,4,3,5,4,3,4,4,3,5,4,5,3,5,5,4,4,4,3,4,3,4,3,9,7,8,9,9,10,9,8,4,3,5,2,47,1,3,NA,1,2,3,NA
2020-05-06 08:14:01,153,1,1,1,0,0,0,0,0,0,NA,"Google","Smart Speaker","Weekend",3,2,34,0,0,1,1,0,1,"2 days ago",3,"play music",20,4,3,5,4,5,5,5,4,5,5,4,3,3,4,5,5,3,4,5,4,5,5,4,4,3,7,8,9,8,9,10,9,8,4,4,5,2,35,1,4,NA,1,2,2,NA
2020-05-06 08:14:04,929,1,13,1,0,1,0,0,0,0,NA,"Google","Smartphone","All days",7,3,124,1,1,0,1,0,1,"4 days ago",10,"other",2,5,4,1,2,2,1,4,2,5,1,5,5,5,5,5,5,5,5,4,4,4,4,4,4,3,9,9,9,7,7,7,7,7,5,5,5,1,25,1,3,NA,3,2,2,NA
2020-05-06 08:14:20,464,1,12,1,1,0,0,0,0,0,NA,"Google","Smartphone","All days",5,4,4,0,0,0,1,0,1,"Yesterday",2,"check weather/news",60,1,4,3,2,2,4,4,5,5,5,3,4,5,5,5,5,5,4,4,3,4,4,4,4,3,9,9,9,10,9,10,9,8,5,4,3,2,45,1,3,NA,2,2,2,NA
2020-05-06 08:14:21,565,1,1236,1,1,1,0,0,1,0,"MTRUCK","Amazon","Smart Speaker","Weekdays",1,3,3,0,0,1,0,0,1,"Today",5,"check weather/news",5,4,4,3,3,1,3,4,2,4,5,3,3,3,2,2,4,3,4,2,3,3,3,1,1,3,7,8,9,8,9,9,7,9,4,3,5,1,30,1,3,NA,1,2,2,NA
2020-05-06 08:14:28,644,1,135,1,0,1,0,1,0,0,NA,"Apple","Smartphone","All days",4,2,235,0,1,1,0,1,1,"6 days ago",3,"make a reservation",4,4,3,1,1,1,2,3,1,4,1,5,4,5,5,5,4,4,4,5,5,5,4,4,3,3,8,9,9,6,6,6,6,6,4,4,5,2,25,1,3,NA,1,1,3,NA
2020-05-06 08:14:30,501,1,234,0,1,1,1,0,0,0,NA,"Apple","Smartphone","All days",4,4,145,1,0,0,1,1,1,"3 days ago",3,"send text /email",3,5,3,1,1,1,1,1,1,4,1,5,4,4,5,4,4,5,5,5,5,5,4,5,4,3,9,9,9,6,6,6,6,6,5,5,5,2,23,1,3,NA,1,3,3,NA
2020-05-06 08:14:31,378,1,1234,1,1,1,1,0,0,0,NA,"Google","Smartphone","All days",5,6,134,1,0,1,1,0,1,"Yesterday",9,"add items to a shopping list",10,4,4,1,1,1,1,4,1,5,1,4,4,4,4,4,4,5,5,4,5,5,5,4,5,3,8,9,8,8,8,8,8,8,4,4,5,1,34,1,3,NA,1,2,3,NA
2020-05-06 08:14:46,808,1,1,1,0,0,0,0,0,0,NA,"Google","Smartphone","Weekdays",5,5,1,1,0,0,0,0,1,"5 days ago",3,"make a reservation",2,2,5,3,1,3,4,3,4,5,1,4,3,5,4,1,4,2,4,4,4,4,2,4,4,3,8,8,6,6,7,8,9,8,4,4,3,1,28,1,3,NA,1,1,3,NA
2020-05-06 08:14:50,696,1,35,0,0,1,0,1,0,0,NA,"Samsung","Smartphone","All days",6,4,145,1,0,0,1,1,1,"Today",9,"send text /email",2,5,4,1,1,1,1,3,1,4,1,4,3,5,4,1,1,1,5,5,5,5,5,4,4,3,9,8,1,6,6,6,6,10,5,5,5,2,25,1,3,NA,1,1,3,NA
2020-05-06 08:14:52,188,1,2,0,1,0,0,0,0,0,NA,"Amazon","Smart Speaker","All days",7,8,1234,1,1,1,1,0,1,"4 days ago",3,"check weather/news",3,4,3,2,4,3,3,3,4,3,2,2,3,4,3,4,4,3,3,4,4,4,4,4,3,3,7,6,6,8,8,7,8,7,3,4,3,1,35,1,3,NA,1,2,2,NA
2020-05-06 08:14:53,700,1,4,0,0,0,1,0,0,0,NA,"Microsoft","Smartphone","Weekdays",1,4,2,0,1,0,0,0,1,"Yesterday",3,"play music",2,4,4,4,5,5,4,4,4,5,4,5,4,5,4,5,4,4,4,1,1,1,1,1,1,3,8,9,8,9,10,9,9,10,4,5,4,2,26,1,3,NA,1,1,2,NA
2020-05-06 08:14:53,568,1,12,1,1,0,0,0,0,0,NA,"Google","Smartphone","All days",4,0,12,1,1,0,0,0,1,"2 days ago",3,"set timer",1,4,4,1,1,2,4,4,1,4,2,4,4,4,4,4,4,3,3,4,5,5,5,5,5,3,8,8,7,8,9,10,9,8,3,4,3,1,33,1,3,NA,1,2,2,NA
2020-05-06 08:15:34,496,1,1,1,0,0,0,0,0,0,NA,"Google","Smart Speaker","Weekend",4,1,2,0,1,0,0,0,1,"Yesterday",3,"check weather/news",10,5,3,4,4,3,4,4,4,4,4,4,4,4,4,4,4,5,5,5,5,5,2,4,4,3,8,8,9,8,8,8,9,9,3,4,4,1,32,1,3,NA,1,2,1,NA
2020-05-06 08:15:36,227,1,12345,1,1,1,1,1,0,0,NA,"Amazon","Smartphone","Weekend",6,6,2,0,1,0,0,0,1,"3 days ago",9,"send text /email",10,3,2,3,3,3,4,2,3,3,3,3,2,2,2,4,4,4,3,2,1,3,4,4,4,3,8,7,7,8,9,8,8,8,4,4,4,1,58,1,3,NA,1,2,2,NA
2020-05-06 08:15:37,227,1,23,0,1,1,0,0,0,0,NA,"Apple","Smartphone","Weekend",3,1,34,0,0,1,1,0,1,"Yesterday",9,"play music",1,3,4,1,2,4,2,3,1,4,1,5,5,4,5,4,4,3,5,4,5,4,5,4,4,3,9,8,9,7,9,9,8,10,4,4,5,1,25,1,3,NA,1,3,4,NA
2020-05-06 08:15:38,186,1,123,1,1,1,0,0,0,0,NA,"Google","Smart Speaker","All days",7,60,1245,1,1,0,1,1,1,"Yesterday",2,"play music",50,4,4,4,4,5,4,5,4,4,4,5,5,4,5,4,3,4,5,4,4,5,5,4,5,3,9,9,8,8,10,9,10,10,4,4,3,1,32,1,3,NA,1,2,3,NA
2020-05-06 08:15:47,445,1,3,0,0,1,0,0,0,0,NA,"Apple","Smartphone","All days",3,2,34,0,0,1,1,0,1,"> 7 days ago",3,"play music",5,1,1,1,1,1,1,1,1,4,1,4,4,4,4,4,4,4,4,4,4,4,4,5,4,3,8,8,8,9,9,9,9,9,5,5,5,1,61,1,2,NA,1,2,3,NA
2020-05-06 08:15:49,322,1,23,0,1,1,0,0,0,0,NA,"Apple","Smartphone","All days",7,6,12345,1,1,1,1,1,1,"2 days ago",9,"play music",0.5,4,4,2,1,2,1,4,2,4,2,4,4,4,4,4,5,5,4,5,5,5,5,4,4,3,8,9,8,9,9,9,9,9,5,5,4,1,51,1,5,NA,1,2,3,NA
2020-05-06 08:16:08,513,1,2,0,1,0,0,0,0,0,NA,"Amazon","Smart Speaker","Weekdays",3,4,2,0,1,0,0,0,1,"3 days ago",3,"check traffic /navigation",35,4,2,4,4,5,5,5,4,4,4,4,5,5,4,4,4,5,5,4,4,4,3,4,4,2,8,9,8,9,10,9,10,9,4,5,4,2,35,1,4,NA,1,2,3,NA
2020-05-06 08:16:20,216,1,235,0,1,1,0,1,0,0,NA,"Amazon","Smart Speaker","All days",7,25,1234,1,1,1,1,0,1,"4 days ago",5,"buy/order something",3,5,5,1,1,1,1,2,1,5,1,5,4,5,5,5,5,5,5,5,5,5,4,4,5,3,9,9,9,7,7,7,7,7,5,5,5,1,36,1,4,NA,1,2,5,NA
2020-05-06 08:16:20,594,1,5,0,0,0,0,1,0,0,NA,"Samsung","Smartphone","All days",7,3,3,0,0,1,0,0,1,"4 days ago",3,"send text /email",30,4,5,4,5,4,3,5,5,4,3,4,4,5,3,4,5,3,3,5,4,4,5,4,5,3,7,8,9,9,10,9,9,10,4,5,5,1,29,1,4,NA,1,2,4,NA
2020-05-06 08:16:33,205,1,12,1,1,0,0,0,0,0,NA,"Amazon","Smart Speaker","All days",7,3,145,1,0,0,1,1,1,"Yesterday",3,"check weather/news",5,4,2,3,1,1,3,3,1,3,2,3,4,5,5,5,5,5,5,4,4,4,3,4,3,3,8,8,8,7,7,8,7,7,4,4,4,1,36,1,3,NA,1,1,3,NA
2020-05-06 08:16:36,152,1,1,1,0,0,0,0,0,0,NA,"Google","Smart Speaker","Weekend",2,10,1,1,0,0,0,0,1,"3 days ago",5,"add items to a shopping list",10,5,1,4,4,4,5,4,3,4,4,5,4,4,4,3,3,3,4,4,2,2,5,3,4,2,8,7,7,10,9,8,9,9,4,5,4,1,54,1,3,NA,1,2,3,NA
2020-05-06 08:17:09,607,1,12345,1,1,1,1,1,0,0,NA,"Google","Other","All days",1,11,145,1,0,0,1,1,1,"Yesterday",2,"check weather/news",3,5,4,4,4,5,5,5,4,5,5,4,4,4,4,5,5,4,5,1,2,1,1,1,2,2,9,8,9,10,9,10,10,9,5,4,5,1,50,1,3,NA,1,2,3,NA
2020-05-06 08:17:24,116,1,4,0,0,0,1,0,0,0,NA,"Microsoft","Smartphone","Weekend",5,5,3,0,0,1,0,0,1,"> 7 days ago",5,"make a reservation",30,5,4,5,4,4,4,5,5,4,4,4,5,5,4,4,5,5,4,4,5,5,4,5,5,3,8,9,8,9,10,9,10,9,4,5,4,2,30,1,4,NA,1,2,3,NA
2020-05-06 08:17:34,212,1,2,0,1,0,0,0,0,0,NA,"Amazon","Smart Speaker","Weekdays",1,3,1,1,0,0,0,0,1,"Yesterday",3,"play music",5,5,5,5,5,5,5,5,5,5,5,5,5,5,5,5,5,5,5,5,2,2,1,4,5,3,9,9,9,10,10,10,10,10,5,5,5,2,32,1,3,NA,2,2,2,NA
2020-05-06 08:18:00,423,1,2,0,1,0,0,0,0,0,NA,"Amazon","Smart Speaker","Weekdays",2,1,2,0,1,0,0,0,1,"2 days ago",5,"set timer",30,3,3,4,4,5,4,4,4,4,3,5,3,3,3,5,4,4,4,2,3,3,2,4,4,2,7,8,9,8,9,10,8,9,3,4,4,1,30,1,4,NA,1,2,3,NA
2020-05-06 08:18:04,193,1,13,1,0,1,0,0,0,0,NA,"Apple","Smartphone","Weekend",3,4,34,0,0,1,1,0,1,"> 7 days ago",3,"set timer",2,3,4,3,3,3,3,3,3,3,3,3,4,3,3,4,3,3,4,3,3,3,3,3,3,3,7,7,7,8,8,8,8,8,3,3,3,2,23,1,3,NA,5,1,2,NA
2020-05-06 08:18:16,225,1,123,1,1,1,0,0,0,0,NA,"Amazon","Smart Speaker","Weekend",5,2,1245,1,1,0,1,1,1,"2 days ago",3,"play music",120,4,5,3,4,4,3,4,3,4,2,3,4,4,3,3,2,4,4,4,2,4,3,4,4,3,8,7,9,8,7,9,8,8,4,5,4,1,57,1,3,NA,1,2,3,NA
2020-05-06 08:19:15,196,1,1,1,0,0,0,0,0,0,NA,"Google","Other","Weekend",2,2,2,0,1,0,0,0,1,"2 days ago",5,"check traffic /navigation",10,4,5,4,4,4,3,5,5,4,3,4,4,4,4,5,3,4,4,5,4,3,4,4,4,3,8,9,8,9,8,9,9,10,4,4,5,1,30,1,3,NA,1,2,3,NA
2020-05-06 08:19:56,264,1,1,1,0,0,0,0,0,0,NA,"Google","Smartphone","Weekend",2,2,234,0,1,1,1,0,1,"4 days ago",3,"buy/order something",3,1,1,2,1,1,1,1,1,1,1,1,2,4,4,4,3,4,4,4,4,4,3,3,3,3,8,8,7,7,7,6,7,7,4,3,4,1,33,1,3,NA,1,3,2,NA
2020-05-06 08:20:00,327,1,1,1,0,0,0,0,0,0,NA,"Google","Smartphone","Weekend",2,4,15,1,0,0,0,1,1,"2 days ago",3,"play music",10,5,4,4,5,4,4,5,4,4,5,4,5,5,4,5,5,4,4,4,4,4,4,4,4,2,9,8,9,9,9,10,10,9,5,5,5,2,46,1,3,NA,2,2,3,NA
2020-05-06 08:20:00,258,1,1,1,0,0,0,0,0,0,NA,"Google","Smartphone","Weekdays",2,4,1,1,0,0,0,0,1,"Yesterday",3,"check weather/news",5,5,5,5,4,5,5,2,5,5,5,5,4,5,5,5,5,5,5,5,1,2,4,1,2,3,9,8,9,10,9,10,10,10,5,5,5,2,32,1,3,NA,2,2,2,NA
2020-05-06 08:20:37,245,1,134,1,0,1,1,0,0,0,NA,"Google","Smartphone","All days",3,2,245,0,1,0,1,1,1,"> 7 days ago",5,"send text /email",2,2,2,4,4,4,4,2,4,2,3,3,3,3,3,3,3,3,4,3,2,3,3,4,3,3,6,7,6,7,7,7,8,7,2,3,3,1,49,1,3,NA,1,3,3,NA
2020-05-06 08:20:47,168,1,12,1,1,0,0,0,0,0,NA,"Google","Smartphone","Weekdays",4,35,245,0,1,0,1,1,1,"4 days ago",5,"send text /email",15,4,3,4,5,5,5,5,5,5,4,4,4,5,4,4,5,5,5,3,2,4,4,4,5,3,8,7,9,9,9,10,9,10,5,4,4,1,30,1,4,NA,1,2,2,NA
2020-05-06 08:20:50,376,1,14,1,0,0,1,0,0,0,NA,"Google","Smartphone","All days",5,15,124,1,1,0,1,0,1,"Today",3,"play music",20,5,3,3,4,4,5,2,5,3,4,5,5,5,3,3,4,5,5,3,4,1,3,4,2,3,9,6,7,9,8,9,9,10,3,4,3,1,45,1,3,NA,1,2,3,NA
2020-05-06 08:21:29,224,1,2,0,1,0,0,0,0,0,NA,"Amazon","Smart Speaker","Weekdays",6,3,3,0,0,1,0,0,1,"3 days ago",3,"buy/order something",5,3,1,3,2,3,2,2,3,2,2,2,2,3,3,3,3,4,4,4,4,4,3,3,3,3,8,7,7,8,8,8,7,7,4,4,4,2,34,1,3,NA,1,2,2,NA
2020-05-06 08:21:30,611,1,1,1,0,0,0,0,0,0,NA,"Google","Smart Speaker","Weekdays",2,0,2,0,1,0,0,0,1,"3 days ago",3,"play music",30,5,4,5,4,4,5,4,5,4,4,5,4,4,5,4,5,5,4,4,4,5,4,4,5,3,8,9,8,10,9,10,9,10,4,4,5,1,30,1,3,NA,1,2,2,NA
2020-05-06 08:21:50,1351,1,2,0,1,0,0,0,0,0,NA,"Amazon","Smart Speaker","All days",7,20,1345,1,0,1,1,1,1,"> 7 days ago",2,"buy/order something",1,4,3,1,1,2,3,3,1,4,2,5,4,3,3,4,4,5,5,4,4,4,3,4,3,3,8,9,7,8,8,8,7,8,4,4,4,1,44,1,2,NA,1,1,3,NA
2020-05-06 08:21:53,718,1,125,1,1,0,0,1,0,0,NA,"Google","Smartphone","Weekdays",5,5,14,1,0,0,1,0,1,"2 days ago",5,"send text /email",60,3,4,5,5,4,4,4,4,4,5,3,3,4,5,4,5,4,5,5,4,5,4,5,4,3,8,9,8,10,8,9,8,9,3,4,5,1,36,1,3,NA,1,2,2,NA
2020-05-06 08:21:59,400,1,1,1,0,0,0,0,0,0,NA,"Google","Smart Speaker","Weekend",4,1,15,1,0,0,0,1,1,"2 days ago",5,"play music",30,3,3,3,3,3,3,3,3,3,3,3,3,3,3,3,3,3,3,3,3,3,3,4,3,2,7,7,7,8,8,8,8,8,3,3,3,1,25,1,3,NA,1,1,2,NA
2020-05-06 08:22:04,387,1,2,0,1,0,0,0,0,0,NA,"Amazon","Other","Weekend",6,4,12345,1,1,1,1,1,1,"Today",3,"play music",30,3,4,2,5,4,5,4,4,2,3,5,3,5,4,4,5,3,5,5,5,5,2,4,3,3,8,9,8,9,9,8,9,10,5,5,5,1,32,1,3,NA,1,2,3,NA
2020-05-06 08:22:08,215,1,2,0,1,0,0,0,0,0,NA,"Amazon","Smart Speaker","Weekdays",1,3,1,1,0,0,0,0,1,"Yesterday",3,"play music",5,5,5,5,5,5,5,5,5,5,5,5,5,5,5,5,5,5,5,5,2,2,1,4,5,3,9,9,9,10,10,10,10,10,5,5,5,2,32,1,3,NA,2,2,2,NA
2020-05-06 08:22:28,209,1,2,0,1,0,0,0,0,0,NA,"Amazon","Smart Speaker","Weekend",3,1,2,0,1,0,0,0,1,"2 days ago",9,"add items to a shopping list",30,4,4,5,5,5,4,4,4,5,5,4,5,4,4,5,5,5,4,2,3,3,4,3,3,3,8,9,8,10,9,10,9,10,4,5,4,1,30,1,4,NA,1,2,3,NA
2020-05-06 08:22:37,312,1,23,0,1,1,0,0,0,0,NA,"Amazon","Smart Speaker","Weekdays",4,5,134,1,0,1,1,0,1,"2 days ago",5,"buy/order something",7,4,3,2,2,2,2,2,2,3,2,4,2,4,4,4,4,4,4,4,4,4,3,4,4,3,9,9,6,7,7,7,7,7,4,4,4,2,21,1,2,NA,1,2,3,NA
2020-05-06 08:22:45,234,1,1,1,0,0,0,0,0,0,NA,"Google","Smartphone","Weekdays",1,9,1,1,0,0,0,0,1,"Yesterday",2,"check weather/news",10,4,3,4,4,3,4,5,4,3,4,3,5,5,4,4,4,4,5,1,2,1,2,4,4,2,8,7,8,9,10,9,9,10,4,5,4,1,30,1,3,NA,1,2,3,NA
2020-05-06 08:22:46,265,1,124,1,1,0,1,0,0,0,NA,"Google","Smartphone","All days",6,15,135,1,0,1,0,1,1,"Yesterday",3,"play music",15,4,4,2,3,5,5,4,3,5,3,5,5,5,5,3,5,4,3,5,4,4,2,5,4,3,8,7,9,8,9,10,9,8,4,5,3,1,41,1,3,NA,1,2,3,NA
2020-05-06 08:22:53,567,1,1,1,0,0,0,0,0,0,NA,"Google","Smartphone","All days",3,4,3,0,0,1,0,0,1,"Yesterday",5,"make a reservation",2,4,4,1,1,1,1,4,1,4,1,4,4,5,5,5,4,5,5,4,4,4,4,4,5,3,9,9,9,6,6,6,6,6,5,4,4,1,30,1,3,NA,1,3,3,NA
2020-05-06 08:23:08,237,1,34,0,0,1,1,0,0,0,NA,"Apple","Smartphone","All days",7,3,3,0,0,1,0,0,1,"4 days ago",5,"check weather/news",2,4,4,1,1,1,1,3,2,3,2,4,3,4,4,5,5,5,4,4,4,4,3,4,4,3,9,9,9,7,7,7,7,7,4,4,4,1,23,1,3,NA,2,1,2,NA
2020-05-06 08:23:10,281,1,2,0,1,0,0,0,0,0,NA,"Amazon","Smart Speaker","Weekdays",3,3,4,0,0,0,1,0,1,"Yesterday",5,"play music",45,3,5,4,3,4,4,3,4,3,4,4,5,4,4,3,3,5,4,4,5,4,5,4,5,3,8,7,8,9,8,9,10,9,4,3,5,1,34,1,4,NA,1,2,3,NA
2020-05-06 08:23:12,236,1,2,0,1,0,0,0,0,0,NA,"Amazon","Smart Speaker","Weekdays",5,5,134,1,0,1,1,0,1,"7 days ago",3,"check weather/news",5,4,3,2,2,2,1,4,2,4,2,4,4,4,4,4,4,4,4,2,2,4,3,4,3,3,6,6,8,9,9,9,9,9,2,4,2,1,40,1,2,NA,2,1,1,NA
2020-05-06 08:23:22,311,1,12,1,1,0,0,0,0,0,NA,"Amazon","Smart Speaker","All days",7,3,134,1,0,1,1,0,1,"Today",10,"check weather/news",1,5,5,1,1,1,1,3,2,4,2,3,4,5,5,4,5,5,5,5,5,5,4,4,4,3,9,9,8,6,6,6,6,6,4,5,5,2,58,1,6,"some college no degree",1,2,3,NA
2020-05-06 08:23:25,311,1,1245,1,1,0,1,1,0,0,NA,"Amazon","Smartphone","Weekdays",3,20,12345,1,1,1,1,1,1,"3 days ago",5,"add items to a shopping list",60,4,5,4,5,3,3,4,3,4,5,5,4,3,5,4,5,4,3,1,2,5,4,4,4,3,8,7,9,9,8,10,9,10,4,3,5,1,23,1,3,NA,1,1,3,NA
2020-05-06 08:23:37,898,1,3,0,0,1,0,0,0,0,NA,"Apple","Smartphone","Weekdays",3,3,134,1,0,1,1,0,1,"Yesterday",3,"add items to a shopping list",15,3,2,4,4,4,5,3,4,5,3,4,5,3,5,3,4,4,4,3,1,4,3,4,4,2,8,9,8,9,10,9,8,9,3,4,5,1,29,1,3,NA,1,2,4,NA
2020-05-06 08:23:41,267,1,14,1,0,0,1,0,0,0,NA,"Google","Smartphone","All days",3,1,13,1,0,1,0,0,1,"3 days ago",2,"check traffic /navigation",1,4,2,2,2,2,3,4,2,4,2,4,4,4,4,3,3,4,4,4,4,4,4,4,3,3,8,8,7,10,10,10,10,10,4,4,4,1,46,1,3,NA,1,2,3,NA
2020-05-06 08:23:43,340,1,2,0,1,0,0,0,0,0,NA,"Amazon","Other","All days",7,12,12345,1,1,1,1,1,1,"Today",10,"other",1,3,1,3,3,3,5,1,3,1,1,1,1,1,1,1,1,1,4,4,4,4,3,3,3,3,6,6,1,8,8,8,8,8,4,3,4,1,48,1,4,NA,1,2,4,NA
2020-05-06 08:23:45,361,1,1,1,0,0,0,0,0,0,NA,"Google","Smartphone","All days",6,10,2,0,1,0,0,0,1,"3 days ago",2,"check weather/news",55,4,5,4,4,4,5,4,4,4,4,5,5,4,5,5,4,4,5,5,5,5,4,5,1,3,8,9,8,9,10,9,9,9,5,4,4,1,51,1,3,NA,2,2,2,NA
2020-05-06 08:23:48,444,1,234,0,1,1,1,0,0,0,NA,"Apple","Smartphone","All days",5,2,145,1,0,0,1,1,1,"> 7 days ago",10,"play music",4,4,3,2,2,1,3,2,2,4,2,4,4,3,3,3,4,4,3,4,4,4,4,3,3,3,8,8,7,9,9,9,7,9,4,4,4,2,37,1,4,NA,1,2,3,NA
2020-05-06 08:24:01,266,1,2,0,1,0,0,0,0,0,NA,"Amazon","Other","Weekend",3,4,1,1,0,0,0,0,1,"3 days ago",3,"set timer",20,4,5,4,4,4,5,4,4,4,5,5,5,5,5,4,4,4,5,5,5,5,2,5,4,3,8,9,8,9,10,9,9,9,5,4,5,1,30,1,4,NA,1,2,2,NA
2020-05-06 08:24:04,248,1,12,1,1,0,0,0,0,0,NA,"Google","Smartphone","Weekdays",2,52,235,0,1,1,0,1,1,"3 days ago",3,"check weather/news",20,5,4,5,4,5,5,4,5,5,5,4,4,5,5,4,4,4,5,3,1,2,4,1,1,2,8,9,8,10,9,10,9,10,4,5,4,1,30,1,3,NA,1,2,2,NA
2020-05-06 08:24:06,193,1,2,0,1,0,0,0,0,0,NA,"Amazon","Smartphone","All days",4,3,5,0,0,0,0,1,1,"4 days ago",5,"play music",30,4,4,5,4,4,5,3,3,4,3,4,4,4,4,4,5,3,5,2,4,4,3,4,3,3,9,8,9,9,10,9,9,8,4,5,4,1,30,1,3,NA,1,2,2,NA
2020-05-06 08:24:44,347,1,1,1,0,0,0,0,0,0,NA,"Google","Smartphone","Weekend",2,2,2,0,1,0,0,0,1,"Yesterday",3,"play music",45,4,3,4,2,3,5,5,4,4,4,5,3,5,4,3,4,3,5,4,4,4,3,4,4,2,7,8,9,9,10,9,8,10,4,5,4,1,27,1,3,NA,1,1,3,NA
2020-05-06 08:24:44,321,1,1,1,0,0,0,0,0,0,NA,"Google","Smartphone","Weekdays",5,10,14,1,0,0,1,0,1,"Yesterday",5,"check weather/news",5,4,3,3,2,2,2,2,2,3,3,3,2,3,4,2,4,3,4,4,4,4,3,3,3,3,8,8,8,9,9,9,9,9,4,4,4,1,29,1,3,NA,1,1,2,NA
2020-05-06 08:24:50,260,1,2,0,1,0,0,0,0,0,NA,"Amazon","Smart Speaker","All days",7,4,145,1,0,0,1,1,1,"Today",10,"play music",4,4,4,2,2,1,2,2,4,4,1,4,4,4,3,5,4,3,4,4,4,5,4,5,3,3,8,9,8,7,7,6,7,6,4,5,4,1,23,1,2,NA,1,3,2,NA
2020-05-06 08:24:52,267,1,23,0,1,1,0,0,0,0,NA,"Apple","Smartphone","Weekdays",5,8,1234,1,1,1,1,0,1,"3 days ago",5,"buy/order something",10,3,2,3,1,2,1,1,2,2,1,4,4,4,4,4,4,3,5,4,5,3,4,4,3,3,7,6,7,8,9,8,8,10,4,5,5,2,47,1,3,NA,1,2,4,NA
2020-05-06 08:24:56,314,1,1,1,0,0,0,0,0,0,NA,"Google","Smartphone","All days",6,10,12345,1,1,1,1,1,1,"5 days ago",9,"buy/order something",20,4,5,4,4,3,4,5,3,4,4,4,5,4,4,5,4,4,3,5,4,4,4,4,5,3,8,9,8,8,9,10,9,8,4,5,4,2,27,1,3,NA,1,2,2,NA
2020-05-06 08:24:56,290,1,1,1,0,0,0,0,0,0,NA,"Google","Other","Weekdays",4,4,2,0,1,0,0,0,1,"2 days ago",3,"play music",5,5,5,4,4,5,4,5,4,5,4,5,4,4,4,4,5,5,5,1,2,2,2,4,4,3,8,8,8,9,10,9,9,10,4,5,4,1,35,1,4,NA,1,2,2,NA
2020-05-06 08:25:05,278,1,1,1,0,0,0,0,0,0,NA,"Google","Smartphone","Weekend",1,1,5,0,0,0,0,1,1,"3 days ago",2,"play music",20,5,5,5,5,5,5,5,4,4,5,5,5,5,5,5,5,5,5,5,5,5,5,4,5,3,9,9,8,10,10,10,10,9,5,5,5,1,30,1,4,NA,1,2,3,NA
2020-05-06 08:25:17,248,1,1,1,0,0,0,0,0,0,NA,"Google","Smartphone","Weekdays",1,5,1,1,0,0,0,0,1,"Yesterday",2,"check weather/news",5,4,5,5,5,5,5,5,5,4,4,5,5,4,5,5,5,4,5,1,2,1,4,1,2,3,9,9,8,10,10,10,10,9,5,5,5,2,32,1,3,NA,2,2,2,NA
2020-05-06 08:25:37,321,1,15,1,0,0,0,1,0,0,NA,"Google","Smartphone","Weekend",3,4,45,0,0,0,1,1,1,"Yesterday",2,"play music",25,5,4,4,4,5,4,4,4,4,4,4,4,4,5,4,5,4,4,5,5,5,1,4,4,3,8,9,8,9,10,9,9,9,4,5,4,1,30,1,3,NA,1,2,3,NA
2020-05-06 08:25:45,280,1,2,0,1,0,0,0,0,0,NA,"Amazon","Other","All days",7,10,145,1,0,0,1,1,1,"Yesterday",9,"make a reservation",20,4,5,5,3,4,4,5,4,5,1,5,4,4,4,4,3,5,5,4,5,5,4,5,5,3,9,9,9,8,10,9,10,8,5,4,5,1,30,1,4,NA,1,2,3,NA
2020-05-06 08:25:46,233,1,2,0,1,0,0,0,0,0,NA,"Amazon","Smart Speaker","All days",7,5,345,0,0,1,1,1,1,"2 days ago",5,"buy/order something",2,4,4,1,2,2,2,3,2,4,2,4,3,4,5,5,4,5,5,4,4,4,4,4,4,3,9,9,9,7,7,9,7,9,4,5,5,1,31,1,2,NA,3,1,3,NA
2020-05-06 08:25:58,433,1,5,0,0,0,0,1,0,0,NA,"Samsung","Smartphone","All days",7,10,134,1,0,1,1,0,1,"> 7 days ago",5,"play music",30,4,3,4,4,3,3,4,3,4,4,4,5,4,3,4,4,5,4,4,3,4,2,4,4,3,8,8,8,9,8,10,9,9,5,4,4,1,30,1,3,NA,1,2,2,NA
2020-05-06 08:26:26,192,1,12,1,1,0,0,0,0,0,NA,"Google","Smartphone","Weekend",3,4,4,0,0,0,1,0,1,"3 days ago",2,"play music",30,3,4,5,4,3,2,5,3,5,4,3,2,3,2,4,4,5,3,2,4,3,3,4,4,3,8,7,9,9,7,8,8,9,5,3,4,1,32,1,3,NA,1,2,3,NA
2020-05-06 08:26:29,451,1,123,1,1,1,0,0,0,0,NA,"Google","Smart Speaker","All days",7,5,1345,1,0,1,1,1,1,"7 days ago",9,"send text /email",5,2,4,4,3,2,5,1,3,4,1,4,2,4,5,4,4,4,5,5,5,5,3,4,4,3,9,9,9,7,7,8,7,8,5,5,5,1,26,1,3,NA,1,2,3,NA
2020-05-06 08:26:44,154,1,2,0,1,0,0,0,0,0,NA,"Amazon","Smartphone","Weekdays",2,5,13,1,0,1,0,0,1,"2 days ago",3,"check weather/news",50,4,4,3,3,4,4,3,4,4,3,4,4,4,3,4,4,3,4,2,2,2,1,1,2,3,8,7,8,9,8,8,9,8,4,3,4,1,25,1,3,NA,1,1,3,NA
2020-05-06 08:27:11,527,1,2345,0,1,1,1,1,0,0,NA,"Amazon","Smartphone","All days",7,2,3,0,0,1,0,0,1,"Yesterday",3,"play music",45,4,5,3,4,4,5,5,4,4,5,5,4,5,4,5,5,4,4,4,5,4,2,5,4,3,8,9,9,9,9,10,9,10,4,5,5,2,30,1,4,NA,1,2,3,NA
2020-05-06 08:27:18,291,1,3,0,0,1,0,0,0,0,NA,"Apple","Smartphone","All days",4,3,13,1,0,1,0,0,1,"3 days ago",9,"check traffic /navigation",2,5,3,1,1,1,1,4,1,4,1,4,3,5,5,5,5,5,5,4,4,4,4,4,3,3,9,8,9,7,6,7,9,9,5,5,4,2,69,1,6,"some college",7,1,2,NA
2020-05-06 08:27:22,218,1,1235,1,1,1,0,1,0,0,NA,"Apple","Smartphone","Weekend",6,6,145,1,0,0,1,1,1,"5 days ago",2,"play music",50,3,4,4,4,4,3,3,4,4,5,4,3,4,4,4,4,3,3,4,4,4,4,4,4,3,7,8,8,8,9,9,8,9,3,4,4,1,35,1,4,NA,1,2,3,NA
2020-05-06 08:27:25,389,1,14,1,0,0,1,0,0,0,NA,"Google","Smartphone","All days",7,40,14,1,0,0,1,0,1,"Yesterday",9,"play music",5,3,3,4,4,4,4,4,5,4,2,5,3,4,3,4,4,4,3,4,4,4,5,5,5,3,8,9,8,9,10,9,9,10,3,4,3,1,30,1,4,NA,1,2,3,NA
2020-05-06 08:27:34,568,1,1,1,0,0,0,0,0,0,NA,"Google","Smartphone","Weekend",2,2,123,1,1,1,0,0,1,"5 days ago",3,"check weather/news",5,5,5,5,4,4,4,5,4,4,5,5,4,4,4,4,5,5,5,2,1,4,2,4,4,3,8,9,8,9,10,9,10,9,5,4,5,1,32,1,4,NA,1,2,2,NA
2020-05-06 08:28:01,423,1,12,1,1,0,0,0,0,0,NA,"Google","Smartphone","Weekend",4,4,34,0,0,1,1,0,1,"4 days ago",5,"add items to a shopping list",7,5,4,2,2,4,1,4,2,5,2,4,4,5,5,5,4,4,5,5,5,4,4,4,4,3,8,9,8,9,7,7,7,7,4,5,5,1,26,1,2,NA,1,1,2,NA
2020-05-06 08:28:19,390,1,2,0,1,0,0,0,0,0,NA,"Amazon","Smart Speaker","Weekend",7,8,145,1,0,0,1,1,1,"Yesterday",9,"check weather/news",3,2,4,4,1,3,3,4,2,1,1,5,1,4,2,3,2,1,1,4,4,4,3,3,3,3,7,7,7,10,6,9,6,6,1,2,4,1,35,1,3,NA,1,2,3,NA
2020-05-06 08:28:27,253,1,124,1,1,0,1,0,0,0,NA,"Google","Smartphone","All days",5,10,24,0,1,0,1,0,1,"Today",3,"check weather/news",20,3,3,5,5,3,4,4,3,3,4,4,5,5,3,4,5,3,5,5,3,4,5,4,5,3,8,7,9,9,7,10,10,9,5,5,3,1,41,1,3,NA,1,2,3,NA
2020-05-06 08:28:34,240,1,12345,1,1,1,1,1,0,0,NA,"Google","Smart Speaker","All days",7,4,1234,1,1,1,1,0,1,"4 days ago",10,"buy/order something",2,3,2,1,1,1,1,2,1,2,1,3,4,4,4,3,3,4,5,4,4,4,3,3,3,3,8,8,7,7,7,7,6,8,4,5,4,1,33,1,2,NA,1,2,3,NA
2020-05-06 08:28:49,615,1,1,1,0,0,0,0,0,0,NA,"Google","Smartphone","All days",5,2,3,0,0,1,0,0,1,"Yesterday",3,"set timer",2,2,2,3,2,3,3,2,2,2,2,2,2,3,3,3,3,3,4,4,4,4,3,3,3,3,7,7,6,8,7,9,8,8,4,4,4,1,41,1,6,"Associate degree",1,1,2,NA
2020-05-06 08:28:52,433,1,2,0,1,0,0,0,0,0,NA,"Amazon","Smartphone","Weekend",4,5,3,0,0,1,0,0,1,"4 days ago",5,"play music",10,4,5,4,4,4,5,4,4,4,4,5,5,5,4,5,4,4,5,3,4,5,2,5,4,3,8,9,8,9,10,9,9,10,5,5,4,1,30,1,4,NA,1,2,3,NA
2020-05-06 08:28:58,218,1,1,1,0,0,0,0,0,0,NA,"Google","Smartphone","Weekdays",1,17,1,1,0,0,0,0,1,"Today",2,"play music",NA,5,5,5,5,5,5,5,5,5,5,5,5,5,5,5,5,5,5,3,1,1,2,2,2,2,9,9,9,10,10,10,10,10,5,5,5,1,32,2,2,NA,2,2,NA,3
2020-05-06 08:29:07,509,1,34,0,0,1,1,0,0,0,NA,"Apple","Smartphone","All days",2,1,34,0,0,1,1,0,1,"> 7 days ago",3,"other",5,3,3,1,1,1,1,4,1,4,1,5,4,4,4,3,4,4,5,5,5,5,4,4,4,3,9,9,9,8,8,8,8,8,5,5,5,2,41,1,2,NA,7,3,1,NA
2020-05-06 08:29:15,601,1,3,0,0,1,0,0,0,0,NA,"Apple","Smart Speaker","All days",3,10,15,1,0,0,0,1,1,"Yesterday",3,"play music",30,4,3,4,4,4,5,3,5,4,4,3,4,5,3,5,4,3,4,5,4,3,5,4,5,3,7,8,9,6,8,7,10,10,5,2,3,1,28,1,3,NA,1,2,3,NA
2020-05-06 08:30:21,670,1,12,1,1,0,0,0,0,0,NA,"Amazon","Smartphone","Weekdays",3,2,2,0,1,0,0,0,1,"7 days ago",3,"play music",10,4,4,4,2,2,4,3,2,4,2,4,4,4,3,4,4,4,2,4,4,4,4,4,4,3,9,9,9,7,7,7,6,6,4,5,4,2,26,1,3,NA,2,2,3,NA
2020-05-06 08:31:11,722,1,123,1,1,1,0,0,0,0,NA,"Google","Smart Speaker","Weekdays",4,5,134,1,0,1,1,0,1,"Yesterday",9,"play music",15,4,5,4,4,5,4,5,5,5,4,4,4,4,4,5,5,5,4,4,5,4,4,4,5,3,8,9,9,9,10,9,9,10,4,5,4,1,33,1,3,NA,1,2,2,NA
2020-05-06 08:31:18,256,1,125,1,1,0,0,1,0,0,NA,"Amazon","Other","Weekdays",2,5,34,0,0,1,1,0,1,"2 days ago",3,"play music",15,4,4,5,5,3,4,4,5,4,4,4,3,3,4,3,5,4,5,4,4,4,3,5,5,3,8,9,8,10,9,8,8,9,4,5,4,1,32,1,4,NA,1,2,2,NA
2020-05-06 08:31:28,614,1,14,1,0,0,1,0,0,0,NA,"Google","Smartphone","All days",6,2,3,0,0,1,0,0,1,"Yesterday",9,"check weather/news",2,3,3,2,2,2,2,4,2,4,1,2,4,4,4,4,3,3,4,4,5,4,4,4,3,3,8,9,8,7,7,6,7,7,4,5,4,2,29,1,3,NA,1,1,2,NA
2020-05-06 08:31:28,307,1,1,1,0,0,0,0,0,0,NA,"Google","Smart Speaker","All days",7,12,1,1,0,0,0,0,1,"2 days ago",3,"other",2,3,2,3,1,1,2,1,1,3,2,3,3,4,5,5,5,5,5,4,4,4,3,4,3,3,8,8,7,10,10,10,10,10,3,4,4,1,69,1,3,NA,6,1,3,NA
2020-05-06 08:31:35,309,1,2,0,1,0,0,0,0,0,NA,"Amazon","Smartphone","Weekend",5,2,3,0,0,1,0,0,1,"5 days ago",5,"set timer",40,4,4,4,4,5,5,5,4,4,4,4,5,4,4,4,5,4,5,4,4,3,4,4,4,3,8,9,8,9,10,9,9,10,4,5,4,1,30,1,3,NA,1,2,3,NA
2020-05-06 08:31:42,240,1,2,0,1,0,0,0,0,0,NA,"Amazon","Smart Speaker","Weekend",2,20,2,0,1,0,0,0,1,"2 days ago",3,"play music",6,2,4,3,3,2,4,3,4,5,4,2,3,4,3,2,2,3,4,4,3,2,3,2,2,3,8,7,9,8,7,9,8,9,3,4,2,1,22,1,3,NA,1,1,3,NA
2020-05-06 08:31:57,725,1,1,1,0,0,0,0,0,0,NA,"Google","Smartphone","All days",3,11,1,1,0,0,0,0,1,"5 days ago",2,"send text /email",5,5,4,5,4,4,4,4,5,3,5,4,4,5,5,4,4,4,4,1,2,2,1,1,2,3,8,9,6,10,9,10,9,10,3,5,4,1,30,1,4,NA,1,1,2,NA
2020-05-06 08:32:17,395,1,2,0,1,0,0,0,0,0,NA,"Amazon","Smart Speaker","Weekdays",1,3,3,0,0,1,0,0,1,"3 days ago",3,"play music",60,4,5,3,4,4,3,4,4,3,3,5,4,4,4,5,4,4,5,4,4,4,4,3,4,2,8,9,8,10,9,10,9,10,4,5,4,2,28,1,3,NA,1,1,3,NA
2020-05-06 08:32:47,142,1,1,1,0,0,0,0,0,0,NA,"Google","Smartphone","Weekdays",1,19,1,1,0,0,0,0,1,"Today",5,"buy/order something",NA,5,5,5,5,5,5,5,5,5,5,5,5,5,5,5,5,5,5,1,1,1,1,1,2,2,9,9,9,10,10,10,10,10,5,5,5,1,32,1,1,NA,1,1,3,NA
2020-05-06 08:32:50,817,1,1,1,0,0,0,0,0,0,NA,"Google","Smartphone","Weekdays",1,10,15,1,0,0,0,1,1,"Yesterday",3,"check weather/news",45,4,4,4,5,4,5,4,5,5,4,5,4,4,4,4,5,5,5,4,5,4,4,5,4,3,8,9,9,9,10,9,9,10,4,5,4,1,32,1,3,NA,1,2,2,NA
2020-05-06 08:33:38,465,1,2,0,1,0,0,0,0,0,NA,"Amazon","Smartphone","Weekdays",5,3,2,0,1,0,0,0,1,"5 days ago",5,"check weather/news",5,4,5,1,3,2,4,4,2,5,2,4,5,4,4,4,5,4,4,4,4,4,4,4,4,3,9,9,8,7,7,7,7,7,4,4,4,1,24,1,3,NA,1,1,2,NA
2020-05-06 08:34:34,293,1,1,1,0,0,0,0,0,0,NA,"Google","Smartphone","Weekdays",1,1,5,0,0,0,0,1,1,"5 days ago",3,"play music",30,3,2,4,4,4,3,5,4,3,3,4,4,3,4,3,3,4,4,4,4,4,4,3,3,3,6,8,8,9,7,7,6,7,4,5,2,1,36,1,3,NA,1,2,2,NA
2020-05-06 08:35:31,263,1,4,0,0,0,1,0,0,0,NA,"Microsoft","Other","Weekdays",3,1,4,0,0,0,1,0,1,"2 days ago",2,"check weather/news",5,2,2,3,2,3,2,1,3,1,2,3,3,4,3,3,3,3,3,4,4,4,3,3,3,3,8,8,7,8,8,8,8,7,4,4,4,1,25,1,2,NA,1,1,2,NA
2020-05-06 08:35:32,324,1,1,1,0,0,0,0,0,0,NA,"Google","Smartphone","Weekend",4,13,2,0,1,0,0,0,1,"Yesterday",2,"play music",NA,5,5,5,5,5,5,5,5,5,5,5,5,5,5,5,5,5,5,2,2,2,1,1,1,3,9,9,9,10,10,10,10,10,5,5,5,1,32,2,3,NA,2,1,NA,2
2020-05-06 08:35:52,507,1,34,0,0,1,1,0,0,0,NA,"Apple","Smartphone","All days",4,6,145,1,0,0,1,1,1,"2 days ago",2,"check traffic /navigation",2,4,4,1,1,1,1,5,1,5,1,5,5,5,5,4,4,3,3,4,4,4,4,4,4,3,8,8,8,9,9,9,9,9,4,5,5,1,60,1,4,NA,2,1,3,NA
2020-05-06 08:36:00,783,1,3,0,0,1,0,0,0,0,NA,"Apple","Smartphone","Weekdays",5,6,1,1,0,0,0,0,1,"2 days ago",10,"make a reservation",40,4,4,5,5,5,5,5,4,5,4,4,5,5,4,4,4,5,4,4,2,4,4,4,4,3,8,9,8,9,10,9,9,10,4,5,4,1,30,1,3,NA,1,2,3,NA
2020-05-06 08:36:09,190,1,12345,1,1,1,1,1,0,0,NA,"Amazon","Smartphone","Weekdays",3,20,1234,1,1,1,1,0,1,"5 days ago",3,"buy/order something",60,3,3,5,4,5,4,5,5,3,4,4,4,4,4,3,5,3,4,5,4,4,4,3,4,3,8,7,9,9,10,8,9,10,4,3,5,1,23,1,3,NA,1,1,3,NA
2020-05-06 08:36:32,299,1,12,1,1,0,0,0,0,0,NA,"Google","Smartphone","Weekdays",2,3,14,1,0,0,1,0,1,"Yesterday",3,"play music",60,5,4,5,4,4,5,5,5,4,5,4,5,4,5,5,4,5,4,5,5,4,4,5,5,3,9,8,9,9,10,9,10,10,5,4,5,1,30,1,4,NA,1,2,3,NA
2020-05-06 08:38:06,198,1,23,0,1,1,0,0,0,0,NA,"Amazon","Other","All days",5,3,4,0,0,0,1,0,1,"> 7 days ago",3,"add items to a shopping list",5,1,4,1,1,2,3,2,1,4,1,4,4,5,5,5,4,4,4,4,4,5,4,4,3,3,8,8,7,7,7,8,7,7,4,4,4,2,34,1,3,NA,1,2,2,NA
2020-05-06 08:40:05,198,1,2,0,1,0,0,0,0,0,NA,"Amazon","Other","Weekdays",3,9,1,1,0,0,0,0,1,"3 days ago",3,"play music",35,4,4,5,4,5,5,4,4,4,4,5,5,5,4,4,5,4,5,5,4,5,4,4,4,3,8,9,8,9,10,9,9,10,4,5,4,1,33,1,4,NA,1,2,3,NA
2020-05-06 08:40:44,175,1,25,0,1,0,0,1,0,0,NA,"Amazon","Smart Speaker","Weekdays",4,5,2,0,1,0,0,0,1,"4 days ago",3,"send text /email",5,4,5,5,5,4,4,5,4,4,4,4,4,4,4,4,4,4,4,3,3,4,3,3,4,3,8,9,9,9,9,10,8,10,5,5,5,1,28,1,4,NA,1,1,3,NA
2020-05-06 08:41:49,280,1,1235,1,1,1,0,1,0,0,NA,"Amazon","Smart Speaker","All days",7,10,135,1,0,1,0,1,1,"Yesterday",10,"check traffic /navigation",30,4,4,5,5,3,4,5,4,4,1,3,5,5,4,4,5,5,5,5,4,5,3,5,4,3,9,8,9,8,10,10,8,9,3,5,4,1,30,1,4,NA,1,2,3,NA
2020-05-06 08:43:14,585,1,3,0,0,1,0,0,0,0,NA,"Apple","Other","Weekdays",3,4,24,0,1,0,1,0,1,"2 days ago",3,"set timer",6,5,3,5,3,4,4,3,4,5,4,4,4,5,5,4,4,4,3,4,5,4,4,4,4,2,8,7,9,9,8,10,9,8,4,3,5,1,30,1,3,NA,1,2,3,NA
2020-05-06 08:43:44,203,1,13,1,0,1,0,0,0,0,NA,"Apple","Smartphone","All days",5,3,134,1,0,1,1,0,1,"> 7 days ago",5,"make a reservation",3,4,1,3,1,1,1,2,1,3,2,4,3,4,4,4,2,4,2,5,5,5,3,4,3,3,9,9,6,8,7,9,7,8,4,4,4,1,34,1,4,NA,1,2,4,NA
2020-05-06 08:44:39,414,1,2345,0,1,1,1,1,0,0,NA,"Amazon","Smartphone","Weekend",5,15,1345,1,0,1,1,1,1,"Today",2,"check weather/news",10,5,5,4,5,4,4,5,4,5,4,4,5,4,4,4,5,5,5,3,3,4,4,4,3,1,9,8,9,10,9,10,9,10,5,4,5,2,58,1,3,NA,1,2,3,NA
2020-05-06 08:45:01,371,1,23,0,1,1,0,0,0,0,NA,"Apple","Smartphone","All days",5,3,134,1,0,1,1,0,1,"> 7 days ago",3,"check traffic /navigation",3,4,3,3,1,2,2,3,2,3,1,4,4,5,4,3,5,4,5,5,4,4,3,4,3,3,9,8,8,8,8,9,8,8,4,4,4,1,35,1,3,NA,1,1,3,NA
2020-05-06 08:45:26,370,1,3,0,0,1,0,0,0,0,NA,"Apple","Smartphone","Weekdays",3,3,1,1,0,0,0,0,1,"4 days ago",3,"set timer",30,5,4,5,5,4,3,4,5,5,5,4,5,5,5,4,5,4,5,1,2,2,1,1,2,3,9,8,9,10,9,10,10,9,5,5,5,1,34,1,4,NA,1,2,3,NA
2020-05-06 08:47:31,316,1,2,0,1,0,0,0,0,0,NA,"Amazon","Smartphone","Weekend",3,60,3,0,0,1,0,0,1,"2 days ago",5,"set timer",60,4,5,4,4,4,5,4,4,5,4,5,4,4,4,4,5,5,5,4,4,4,3,4,4,3,8,9,8,9,9,10,9,9,4,5,4,1,30,1,3,NA,1,2,3,NA
2020-05-06 08:48:12,402,1,12,1,1,0,0,0,0,0,NA,"Google","Smartphone","Weekend",2,2,13,1,0,1,0,0,1,"Yesterday",5,"set timer",30,4,5,4,3,4,3,4,3,5,3,4,4,4,3,4,5,3,4,4,4,4,3,4,4,3,8,7,7,9,8,9,9,8,4,4,3,1,41,1,3,NA,1,2,2,NA
2020-05-06 08:49:01,186,1,1235,1,1,1,0,1,0,0,NA,"Google","Smart Speaker","All days",4,5,134,1,0,1,1,0,1,"> 7 days ago",3,"add items to a shopping list",3,4,3,1,2,1,2,4,1,4,1,4,4,4,4,4,4,4,4,4,4,4,3,3,3,3,9,9,9,6,6,6,6,6,5,5,5,1,36,1,5,NA,1,2,5,NA
2020-05-06 08:51:16,242,1,2,0,1,0,0,0,0,0,NA,"Amazon","Smartphone","Weekend",4,4,3,0,0,1,0,0,1,"2 days ago",9,"set timer",60,3,3,4,5,4,3,4,3,4,2,2,3,5,4,4,3,3,3,4,3,4,4,4,3,2,8,7,9,9,8,8,9,10,4,2,3,1,32,1,3,NA,2,2,2,NA
2020-05-06 08:53:49,777,1,3,0,0,1,0,0,0,0,NA,"Apple","Smartphone","All days",5,5,1234,1,1,1,1,0,1,"2 days ago",5,"buy/order something",2,5,5,2,1,5,2,5,4,5,1,5,5,5,5,5,5,5,5,5,5,5,4,4,5,3,9,9,9,8,9,8,7,9,4,5,5,2,30,1,4,NA,1,1,3,NA
2020-05-06 08:54:28,167,1,1,1,0,0,0,0,0,0,NA,"Google","Smartphone","All days",5,7,3,0,0,1,0,0,1,"5 days ago",5,"play music",30,4,4,3,4,3,2,3,4,3,3,5,4,4,3,4,3,5,4,4,5,4,5,4,5,3,8,7,9,9,8,8,9,10,4,3,3,2,36,1,3,NA,1,2,2,NA
2020-05-06 08:54:33,237,1,1,1,0,0,0,0,0,0,NA,"Google","Smartphone","Weekend",1,5,3,0,0,1,0,0,1,"2 days ago",9,"play music",50,3,2,5,4,3,4,4,4,3,5,4,3,4,5,4,4,4,3,4,4,4,3,3,4,2,7,8,9,8,9,10,8,9,4,3,4,2,25,1,3,NA,1,2,3,NA
2020-05-06 08:59:15,318,1,12,1,1,0,0,0,0,0,NA,"Google","Smartphone","Weekdays",1,15,1,1,0,0,0,0,1,"Yesterday",2,"check weather/news",5,5,5,5,4,4,4,4,5,4,5,4,5,5,4,4,4,4,5,5,4,4,4,4,4,3,8,9,8,9,10,9,10,9,5,4,5,1,32,1,4,NA,1,2,2,NA
2020-05-06 09:01:10,140,1,24,0,1,0,1,0,0,0,NA,"Amazon","Smart Speaker","Weekend",3,5,3,0,0,1,0,0,1,"5 days ago",5,"set timer",5,5,5,5,5,3,5,5,5,5,5,5,5,5,5,5,5,5,5,1,2,4,2,3,2,3,8,8,8,8,10,10,10,10,5,5,5,1,28,1,4,NA,1,1,3,NA
2020-05-06 09:07:49,379,1,13,1,0,1,0,0,0,0,NA,"Apple","Smartphone","Weekdays",3,3,15,1,0,0,0,1,1,"2 days ago",2,"set timer",3,1,4,1,1,1,1,4,1,5,2,4,5,4,2,4,4,5,3,1,5,5,4,4,4,3,6,8,7,7,8,9,7,8,4,4,3,2,33,1,2,NA,1,2,2,NA
2020-05-06 13:06:06,148,1,1,1,0,0,0,0,0,0,NA,"Google","Other","All days",7,2,1,1,0,0,0,0,1,"3 days ago",5,"play music",2,4,4,3,3,3,3,4,2,NA,3,3,2,3,3,3,3,4,4,5,5,3,3,3,3,3,7,7,8,9,8,9,8,9,4,4,4,1,26,1,2,NA,1,1,2,NA
2020-05-06 13:11:54,379,1,23,0,1,1,0,0,0,0,NA,"Amazon","Smart Speaker","All days",6,15,134,1,0,1,1,0,1,"4 days ago",5,"add items to a shopping list",3,5,4,1,3,2,3,4,1,4,1,4,4,4,5,4,4,3,5,4,4,4,3,3,3,3,8,9,8,8,9,7,9,10,4,4,4,1,25,1,3,NA,2,1,3,NA
2020-05-13 08:07:05,179,1,1,1,0,0,0,0,0,0,NA,"Google","Smartphone","Weekend",2,1,4,0,0,0,1,0,1,"3 days ago",3,"check weather/news",30,4,3,4,4,3,4,4,3,4,4,4,4,4,4,4,5,4,4,4,4,4,3,4,4,2,NA,NA,NA,NA,NA,NA,NA,NA,NA,NA,NA,NA,NA,NA,NA,NA,NA,NA,NA,NA
2020-05-13 08:14:06,438,1,123,1,1,1,0,0,0,0,NA,"Amazon","Smart Speaker","Weekdays",4,2,1245,1,1,0,1,1,1,"2 days ago",3,"play music",120,5,4,4,2,3,3,3,4,3,2,5,3,5,3,5,2,3,4,4,4,5,4,4,3,2,NA,NA,NA,NA,NA,NA,NA,NA,NA,NA,NA,NA,NA,NA,NA,NA,NA,NA,NA,NA
2020-05-13 08:17:30,391,1,12,1,1,0,0,0,0,0,NA,"Google","Smartphone","All days",5,4,5,0,0,0,0,1,1,"2 days ago",3,"check weather/news",20,2,3,3,4,4,3,3,NA,3,4,2,2,4,3,4,4,2,4,3,3,4,3,3,4,3,8,7,8,8,9,8,9,9,4,4,3,2,32,1,4,NA,1,2,4,NA
2020-05-13 08:18:00,498,1,1,1,0,0,0,0,0,0,NA,"Google","Smartphone","All days",7,9,2,0,1,0,0,0,1,"Today",5,"check traffic /navigation",4,4,4,3,2,2,3,4,2,4,2,4,4,4,3,4,4,3,4,4,4,4,3,4,4,3,8,8,8,7,8,8,8,8,4,4,4,NA,NA,NA,NA,NA,NA,NA,NA,NA
2020-05-13 08:29:08,302,1,1235,1,1,1,0,1,0,0,NA,"Google","Smart Speaker","Weekend",4,6,234,0,1,1,1,0,1,"2 days ago",5,"play music",30,4,5,4,5,5,4,5,5,4,5,4,4,4,4,5,4,4,5,4,5,4,2,5,4,3,8,9,8,10,9,10,10,9,5,5,4,NA,NA,NA,NA,NA,NA,NA,NA,NA
2020-05-13 08:38:36,369,1,2,0,1,0,0,0,0,0,NA,"Amazon","Smartphone","Weekdays",2,2,4,0,0,0,1,0,1,"4 days ago",5,"play music",30,4,4,3,3,2,2,4,4,3,2,4,3,2,4,3,4,3,4,2,4,4,3,2,4,3,7,8,8,9,9,8,8,9,4,3,3,NA,NA,NA,NA,NA,NA,NA,NA,NA
