RecordedDate,seconds,n_turnsOK,whichva,VA_Google,VA_Amazon,VA_Apple,VA_Microsoft,VA_Samsung,VA_Other,VA_didnotuseVA,QID1_6_TEXT,vamost,devicemost,partweek,ndays,times_per_day,whenuse,when_morning,when_lunch,when_afternoon,when_evening,when_night,check_n_turns,last_service_when,recall_last,last_service_which,last_service_howlong,socpres1,socpres2,socpres3,socpres4,socpres5,socpres6,socpres7,socpres8,socpres9,socpres10,socpres11,socpres12,epsi1,epsi2,epsi3,epsi4,epsi5,epsi6,comp1,comp2,comp3,warm1,warm2,warm3,QID34,personalized1,personalized2,personalized3,privrisk1,privrisk2,privrisk3,privrisk4,privrisk5,sat1,sat2,sat3,gender,age,country,edu,QID45_6_TEXT,employ,marit,income1,income2
2020-05-05T10:12:52Z,233,1,2,0,1,0,0,0,0,0,NA,Amazon,Smart Speaker,Weekend,5,9,2,0,1,0,0,0,1,Today,9,play music,NA,4,5,4,5,1,4,4,5,4,4,4,5,4,5,4,4,2,3,1,1,3,1,1,3,3,7,9,8,9,8,10,9,9,1,2,4,2,50,1,2,NA,1,2,5,NA
2020-05-05T10:16:37Z,152,1,34,0,0,1,1,0,0,0,NA,Apple,Other,All days,7,9,3,0,0,1,0,0,1,3 days ago,10,check weather/news,98,2,3,4,1,2,3,3,4,3,3,4,4,3,1,1,1,3,3,5,4,4,4,2,3,3,9,9,9,9,9,9,8,8,3,4,4,2,50,1,3,NA,6,2,4,NA
2020-05-06T07:43:48Z,240,1,13,1,0,1,0,0,0,0,NA,Apple,Smartphone,All days,7,2,12345,1,1,1,1,1,1,> 7 days ago,2,add items to a shopping list,15,3,2,2,3,2,2,3,3,3,3,3,2,4,4,4,4,4,4,4,4,4,3,4,4,3,8,8,8,9,9,9,7,7,4,4,4,2,50,1,4,NA,1,2,5,NA
2020-05-06T08:00:20Z,143,1,12,1,1,0,0,0,0,0,NA,Google,Smart Speaker,Weekend,2,5,23,0,1,1,0,0,1,4 days ago,9,play music,5,3,3,4,3,3,2,3,4,2,3,2,2,3,2,3,4,3,3,4,3,4,3,4,4,3,8,7,8,7,8,10,8,7,4,3,4,1,30,1,4,NA,1,1,2,NA
2020-05-06T08:00:27Z,162,1,2,0,1,0,0,0,0,0,NA,Amazon,Other,Weekend,5,15,1,1,0,0,0,0,1,2 days ago,2,set timer,15,2,3,2,3,3,4,2,3,5,3,4,2,3,4,3,2,5,4,2,3,2,2,2,1,3,6,7,8,8,6,7,8,9,3,2,5,1,28,1,5,NA,1,2,5,NA
2020-05-06T08:00:30Z,143,1,2,0,1,0,0,0,0,0,NA,Amazon,Smartphone,Weekdays,2,4,1,1,0,0,0,0,1,Yesterday,3,check weather/news,45,4,4,5,4,3,5,4,4,4,5,5,5,5,4,4,5,5,5,5,1,3,2,4,4,3,8,9,9,9,10,9,9,10,5,4,3,1,25,1,3,NA,1,2,3,NA
2020-05-06T08:00:34Z,194,1,1,1,0,0,0,0,0,0,NA,Google,Smartphone,All days,3,3,3,0,0,1,0,0,1,2 days ago,3,play music,1,4,2,3,2,2,2,3,3,3,3,3,3,3,3,3,3,3,3,4,4,4,3,3,3,3,8,8,8,7,7,7,7,7,4,4,4,1,33,1,3,NA,1,2,3,NA
2020-05-06T08:00:46Z,177,1,2,0,1,0,0,0,0,0,NA,Amazon,Smartphone,Weekend,4,3,5,0,0,0,0,1,1,> 7 days ago,5,other,2,4,4,2,2,2,3,4,2,4,1,4,4,4,4,4,3,5,5,4,4,2,4,5,3,3,7,6,9,7,7,8,6,8,4,5,4,1,52,1,3,NA,1,1,2,NA
2020-05-06T08:00:51Z,170,1,1,1,0,0,0,0,0,0,NA,Google,Smart Speaker,Weekdays,3,5,24,0,1,0,1,0,1,3 days ago,3,buy/order something,14,2,5,4,4,3,2,4,5,1,4,2,5,5,2,4,4,5,2,5,4,3,4,4,5,3,8,9,7,9,7,10,9,10,4,2,4,1,32,1,3,NA,1,2,3,NA
2020-05-06T08:00:52Z,190,1,1,1,0,0,0,0,0,0,NA,Google,Smart Speaker,All days,7,10,12345,1,1,1,1,1,1,Yesterday,5,check weather/news,2,3,1,1,2,2,1,1,2,3,1,1,3,3,3,3,3,3,5,4,4,4,3,3,3,3,7,7,7,7,7,7,7,6,4,4,4,2,43,1,3,NA,1,1,3,NA
2020-05-06T08:01:07Z,182,1,123,1,1,1,0,0,0,0,NA,Google,Smart Speaker,All days,5,2,35,0,0,1,0,1,1,4 days ago,2,check weather/news,3,1,1,1,1,1,1,1,1,1,1,1,1,1,1,1,1,1,1,2,2,2,3,3,3,3,6,6,7,9,9,9,9,9,2,3,2,1,27,1,3,NA,1,3,1,NA
2020-05-06T08:01:07Z,188,1,3,0,0,1,0,0,0,0,NA,Apple,Smartphone,Weekdays,4,2,1345,1,0,1,1,1,1,> 7 days ago,9,other,3,4,3,1,1,1,1,4,1,4,1,4,4,4,4,4,4,4,4,4,4,4,4,4,4,3,8,8,8,6,7,6,6,6,4,5,4,2,40,1,4,NA,1,2,4,NA
2020-05-06T08:01:08Z,154,1,1,1,0,0,0,0,0,0,NA,Google,Smartphone,Weekend,3,5,2,0,1,0,0,0,1,2 days ago,3,play music,30,2,3,2,3,4,3,4,3,2,3,3,2,4,3,3,4,2,2,4,3,1,3,2,3,3,6,7,8,7,8,9,8,7,2,3,4,1,25,1,3,NA,2,1,3,NA
2020-05-06T08:01:23Z,236,1,235,0,1,1,0,1,0,0,NA,Apple,Other,Weekend,3,5,14,1,0,0,1,0,1,> 7 days ago,9,send text /email,10,4,2,2,2,2,2,4,2,4,2,4,4,4,4,4,4,4,4,5,5,5,4,4,3,3,8,9,8,7,7,7,7,7,4,4,4,2,27,1,3,NA,1,1,3,NA
2020-05-06T08:01:24Z,227,1,1234,1,1,1,1,0,0,0,NA,Google,Other,All days,7,3,124,1,1,0,1,0,1,5 days ago,3,buy/order something,3,4,2,1,2,1,1,1,1,2,1,3,4,5,5,4,4,4,5,4,4,4,3,4,3,3,8,9,9,7,6,7,6,8,4,4,4,1,30,1,3,NA,1,1,2,NA
2020-05-06T08:01:24Z,193,1,13,1,0,1,0,0,0,0,NA,Apple,Smartphone,All days,7,4,13,1,0,1,0,0,1,Yesterday,9,other,2,2,3,1,1,1,1,1,1,1,1,3,3,4,4,1,1,3,4,5,5,5,3,3,3,3,9,9,7,7,7,7,7,7,5,5,5,2,30,1,2,NA,4,2,3,NA
2020-05-06T08:01:25Z,186,1,2,0,1,0,0,0,0,0,NA,Amazon,Smartphone,Weekdays,2,5,12,1,1,0,0,0,1,5 days ago,5,play music,50,3,3,4,4,4,3,4,4,3,3,3,3,3,3,3,5,4,3,4,3,1,2,3,2,3,8,7,8,9,8,9,8,9,3,3,4,1,25,1,3,NA,1,1,3,NA
2020-05-06T08:01:36Z,224,1,1,1,0,0,0,0,0,0,NA,Google,Smartphone,Weekdays,2,3,1,1,0,0,0,0,1,Yesterday,5,check weather/news,10,3,4,4,4,3,3,4,4,3,4,3,3,3,3,4,4,4,3,1,1,5,4,3,4,3,7,8,7,8,9,8,8,9,3,4,3,1,64,1,3,NA,1,2,2,NA
2020-05-06T08:01:40Z,226,1,14,1,0,0,1,0,0,0,NA,Google,Smartphone,Weekdays,4,2,35,0,0,1,0,1,1,5 days ago,9,play music,30,5,5,4,4,4,4,4,4,5,4,4,5,5,5,4,4,4,5,4,4,5,4,4,5,3,8,9,8,9,9,10,10,9,4,4,5,1,30,1,3,NA,1,2,3,NA
2020-05-06T08:01:44Z,210,1,3,0,0,1,0,0,0,0,NA,Apple,Smartphone,Weekend,1,0,4,0,0,0,1,0,1,> 7 days ago,2,check traffic /navigation,5,2,2,3,3,4,2,2,3,2,3,2,2,4,4,4,4,4,4,4,4,4,3,4,3,3,8,8,7,10,10,10,9,10,4,4,4,1,30,1,2,NA,7,1,2,NA
2020-05-06T08:01:46Z,174,1,123,1,1,1,0,0,0,0,NA,Google,Smartphone,Weekend,3,5,1,1,0,0,0,0,1,4 days ago,2,play music,45,5,4,4,5,4,5,5,5,5,4,4,4,4,4,5,4,5,5,4,5,4,5,4,4,3,8,9,8,10,9,10,9,10,4,5,4,1,47,1,3,NA,1,2,2,NA
2020-05-06T08:01:48Z,247,1,23,0,1,1,0,0,0,0,NA,Amazon,Other,All days,7,5,1345,1,0,1,1,1,1,3 days ago,9,play music,3,4,5,1,1,1,1,4,1,4,1,5,4,5,5,5,5,5,5,4,4,4,4,3,3,3,9,9,8,8,8,7,8,9,4,4,4,2,47,1,4,NA,1,2,4,NA
2020-05-06T08:01:51Z,205,1,2,0,1,0,0,0,0,0,NA,Amazon,Smartphone,All days,5,3,345,0,0,1,1,1,1,2 days ago,3,buy/order something,5,4,4,2,2,2,2,4,2,4,1,4,5,4,3,3,4,3,4,4,5,4,4,3,3,3,8,9,8,8,8,8,8,9,4,5,5,1,33,1,3,NA,1,1,2,NA
2020-05-06T08:01:51Z,243,1,1234,1,1,1,1,0,0,0,NA,Google,Smart Speaker,Weekend,2,3,2,0,1,0,0,0,1,2 days ago,2,check weather/news,20,4,5,5,4,5,4,5,4,5,4,4,4,4,5,3,3,4,4,3,1,3,2,1,2,3,8,9,8,9,8,9,8,9,4,5,4,1,35,1,4,NA,1,2,2,NA
2020-05-06T08:01:52Z,240,1,234,0,1,1,1,0,0,0,NA,Amazon,Smart Speaker,Weekdays,5,5,14,1,0,0,1,0,1,Yesterday,9,check weather/news,5,4,5,1,1,1,1,5,1,4,1,4,5,5,5,5,5,5,5,5,5,5,5,4,4,3,8,9,8,7,7,7,7,7,4,4,5,1,28,1,3,NA,1,1,3,NA
2020-05-06T08:01:56Z,184,1,12,1,1,0,0,0,0,0,NA,Amazon,Smart Speaker,All days,2,2,13,1,0,1,0,0,1,2 days ago,2,buy/order something,2,3,3,4,4,4,3,2,3,4,3,3,2,2,3,2,5,4,4,4,4,4,4,5,4,3,8,7,6,9,8,7,9,8,3,4,4,1,28,1,2,NA,1,1,2,NA
2020-05-06T08:01:58Z,148,1,12,1,1,0,0,0,0,0,NA,Amazon,Smart Speaker,Weekend,2,10,12345,1,1,1,1,1,1,3 days ago,2,set timer,30,3,2,3,1,5,2,5,5,3,2,3,2,1,1,1,1,2,2,3,2,5,2,2,5,3,1,7,7,10,10,8,8,6,5,2,3,1,28,1,2,NA,1,1,2,NA
2020-05-06T08:01:59Z,235,1,2,0,1,0,0,0,0,0,NA,Amazon,Smart Speaker,All days,3,1,45,0,0,0,1,1,1,4 days ago,10,other,4,3,3,1,1,1,1,4,1,4,1,5,5,4,5,3,3,3,5,5,5,5,4,5,4,3,9,9,9,8,8,8,8,8,5,5,5,1,29,1,3,NA,1,2,3,NA
2020-05-06T08:02:02Z,259,1,2,0,1,0,0,0,0,0,NA,Amazon,Smart Speaker,Weekdays,5,4,13,1,0,1,0,0,1,7 days ago,3,play music,1,3,4,2,2,2,1,4,4,3,1,5,4,5,4,4,4,4,5,4,4,5,4,3,4,3,8,9,9,9,9,10,10,10,4,4,4,2,27,1,3,NA,1,1,3,NA
2020-05-06T08:02:03Z,251,1,2,0,1,0,0,0,0,0,NA,Amazon,Smart Speaker,All days,7,10,12345,1,1,1,1,1,1,Yesterday,10,add items to a shopping list,5,3,3,1,1,1,1,3,1,3,1,3,4,4,4,4,3,4,4,4,4,4,3,3,3,3,8,8,7,7,7,7,7,8,4,4,4,1,38,1,2,NA,4,1,2,NA
2020-05-06T08:02:03Z,229,1,2,0,1,0,0,0,0,0,NA,Amazon,Smart Speaker,Weekend,3,0,345,0,0,1,1,1,1,> 7 days ago,9,make a reservation,2,1,1,3,1,3,1,1,1,1,1,1,4,3,3,3,1,4,5,5,5,4,4,3,3,3,9,9,9,9,9,7,9,9,5,5,5,2,22,1,3,NA,7,1,3,NA
2020-05-06T08:02:15Z,254,1,1,1,0,0,0,0,0,0,NA,Google,Smartphone,Weekdays,2,1,13,1,0,1,0,0,1,5 days ago,3,check traffic /navigation,2,3,4,2,3,2,2,4,2,4,2,3,4,4,4,4,4,4,4,4,4,4,4,4,4,3,8,9,8,7,8,7,7,7,4,4,4,1,34,1,2,NA,1,3,2,NA
2020-05-06T08:02:17Z,265,1,123,1,1,1,0,0,0,0,NA,Apple,Smartphone,Weekend,4,10,34,0,0,1,1,0,1,Yesterday,5,play music,2,4,4,2,2,1,2,4,1,4,2,4,4,4,4,4,5,4,4,4,4,4,4,4,3,3,9,8,8,7,8,7,8,7,4,5,4,1,29,1,3,NA,1,2,5,NA
2020-05-06T08:02:19Z,115,1,2,0,1,0,0,0,0,0,NA,Amazon,Smart Speaker,Weekend,2,2,1,1,0,0,0,0,1,Today,5,check traffic /navigation,15,4,4,4,5,3,5,4,4,5,4,3,4,4,5,3,3,4,4,2,3,2,1,3,4,2,8,9,9,9,8,9,9,9,4,5,5,1,36,1,3,NA,2,2,3,NA
2020-05-06T08:02:21Z,132,1,234,0,1,1,1,0,0,0,NA,Amazon,Smart Speaker,All days,7,10,1345,1,0,1,1,1,1,2 days ago,5,play music,2,3,3,4,3,4,5,3,2,3,1,3,3,5,4,3,5,4,4,4,5,5,5,4,4,3,8,8,9,8,8,9,9,10,4,3,5,1,25,1,4,NA,1,2,3,NA
2020-05-06T08:02:22Z,303,1,123,1,1,1,0,0,0,0,NA,Amazon,Smart Speaker,All days,4,3,14,1,0,0,1,0,1,4 days ago,9,check traffic /navigation,5,3,3,3,2,2,2,3,2,3,2,3,3,4,4,4,4,4,4,4,4,4,3,3,3,3,8,7,8,8,8,8,9,8,4,4,4,2,44,1,3,NA,1,2,3,NA
2020-05-06T08:02:22Z,259,1,12,1,1,0,0,0,0,0,NA,Amazon,Smartphone,Weekend,5,5,4,0,0,0,1,0,1,2 days ago,3,play music,30,4,4,5,4,4,4,5,4,5,4,4,4,5,5,4,4,5,5,4,4,4,4,4,4,3,7,8,8,9,9,9,9,10,5,4,5,2,40,1,3,NA,1,2,2,NA
2020-05-06T08:02:24Z,182,1,1,1,0,0,0,0,0,0,NA,Google,Smartphone,All days,5,4,1245,1,1,0,1,1,1,2 days ago,3,set timer,3,4,2,2,1,2,2,5,3,4,2,4,2,4,4,4,5,4,4,4,4,4,2,4,4,3,8,8,6,7,7,8,9,7,4,4,4,1,41,1,2,NA,1,2,2,NA
2020-05-06T08:02:32Z,230,1,12,1,1,0,0,0,0,0,NA,Amazon,Smart Speaker,Weekend,4,2,5,0,0,0,0,1,1,3 days ago,5,play music,40,5,5,5,5,4,4,4,4,4,4,5,3,3,5,4,5,4,5,5,5,4,4,5,4,3,9,8,9,9,9,8,9,10,5,4,3,2,30,1,4,NA,1,2,3,NA
2020-05-06T08:02:39Z,304,1,1,1,0,0,0,0,0,0,NA,Google,Smart Speaker,Weekdays,7,5,345,0,0,1,1,1,1,2 days ago,2,check weather/news,1,5,3,3,1,3,1,NA,1,3,NA,NA,4,5,5,5,5,5,5,4,4,5,3,4,4,3,7,8,8,6,8,6,6,6,4,4,4,1,36,1,2,NA,1,2,2,NA
2020-05-06T08:02:39Z,211,1,12,1,1,0,0,0,0,0,NA,Google,Smart Speaker,Weekdays,3,8,2,0,1,0,0,0,1,Yesterday,3,set timer,46,3,5,4,5,4,5,5,4,4,5,5,4,5,4,5,4,4,5,4,2,3,3,4,5,3,9,8,8,10,10,9,10,9,5,4,3,1,30,1,4,NA,1,2,3,NA
2020-05-06T08:02:42Z,151,1,12,1,1,0,0,0,0,0,NA,Google,Smart Speaker,All days,7,15,145,1,0,0,1,1,1,> 7 days ago,5,add items to a shopping list,5,4,5,1,1,1,1,1,1,5,1,4,4,4,4,5,5,5,4,5,5,4,4,4,4,3,9,8,8,6,7,6,6,6,4,5,4,1,31,1,4,NA,1,1,3,NA
2020-05-06T08:02:44Z,178,1,2,0,1,0,0,0,0,0,NA,Amazon,Smart Speaker,All days,5,3,145,1,0,0,1,1,1,5 days ago,9,check weather/news,10,1,1,1,1,1,1,5,1,5,1,5,5,5,5,5,5,5,5,5,5,5,5,5,5,3,9,9,9,6,6,6,6,6,5,5,5,2,30,1,2,NA,1,1,3,NA
2020-05-06T08:02:44Z,247,1,2,0,1,0,0,0,0,0,NA,Amazon,Smart Speaker,All days,1,0,1,1,0,0,0,0,1,2 days ago,10,check traffic /navigation,1,5,5,1,1,1,1,NA,1,4,1,4,4,4,5,5,4,4,5,4,4,4,3,3,3,3,9,9,9,8,8,7,7,8,4,4,4,1,29,1,3,NA,1,3,3,NA
2020-05-06T08:02:45Z,252,1,2,0,1,0,0,0,0,0,NA,Amazon,Smartphone,Weekdays,1,5,1,1,0,0,0,0,1,Today,10,play music,15,4,5,4,4,5,4,4,5,5,5,4,5,5,5,4,5,4,4,5,5,4,2,5,4,3,8,9,8,10,10,10,9,9,4,5,4,1,28,1,3,NA,1,2,3,NA
2020-05-06T08:02:48Z,171,1,1,1,0,0,0,0,0,0,NA,Google,Other,Weekdays,2,4,2,0,1,0,0,0,1,Yesterday,2,play music,10,4,3,4,5,3,5,5,3,5,4,4,4,4,5,3,5,3,4,5,4,5,1,4,5,3,8,7,8,10,8,9,10,8,4,5,3,1,30,1,3,NA,1,2,2,NA
2020-05-06T08:02:51Z,302,1,4,0,0,0,1,0,0,0,NA,Microsoft,Other,All days,7,2,14,1,0,0,1,0,1,4 days ago,3,check weather/news,3,1,1,3,3,5,3,1,3,1,3,3,3,3,3,5,3,5,5,3,3,3,3,3,3,3,7,7,1,10,10,10,10,10,3,3,3,1,54,1,6,AA,1,1,3,NA
2020-05-06T08:02:51Z,301,1,1234,1,1,1,1,0,0,0,NA,Apple,Smartphone,All days,6,3,1234,1,1,1,1,0,1,6 days ago,9,buy/order something,2,3,2,2,2,2,2,2,2,3,2,3,4,3,3,3,3,3,4,4,4,4,3,3,3,3,8,8,8,8,8,8,8,8,4,4,4,2,37,1,3,NA,1,1,2,NA
2020-05-06T08:02:55Z,284,1,12,1,1,0,0,0,0,0,NA,Amazon,Smart Speaker,Weekdays,4,3,45,0,0,0,1,1,1,Yesterday,3,play music,60,4,3,4,3,5,4,5,4,4,5,3,5,5,5,4,3,4,4,2,3,3,4,4,3,3,8,9,8,8,8,10,10,8,4,4,3,2,30,1,3,NA,1,2,2,NA
2020-05-06T08:02:57Z,266,1,123,1,1,1,0,0,0,0,NA,Google,Other,All days,1,50,12345,1,1,1,1,1,1,Yesterday,2,play music,20,4,4,3,3,5,5,4,3,4,5,5,5,5,4,4,4,3,5,4,4,4,4,4,4,3,9,8,7,8,10,9,10,9,4,3,5,2,32,1,3,NA,1,2,2,NA
2020-05-06T08:02:57Z,333,1,1,1,0,0,0,0,0,0,NA,Google,Smartphone,All days,3,1,4,0,0,0,1,0,1,2 days ago,9,other,20,4,1,1,3,1,1,1,1,1,1,4,4,5,5,1,1,1,5,4,4,4,4,4,3,3,9,9,9,8,8,8,8,8,4,5,4,1,61,1,2,NA,7,1,2,NA
2020-05-06T08:03:00Z,274,1,12,1,1,0,0,0,0,0,NA,Amazon,Smart Speaker,All days,6,6,14,1,0,0,1,0,1,3 days ago,3,play music,5,4,4,5,5,4,5,4,5,3,3,4,4,5,4,4,3,4,5,4,4,5,4,5,5,3,9,9,8,9,10,9,9,9,4,5,5,1,37,1,4,NA,1,2,3,NA
2020-05-06T08:03:00Z,276,1,1,1,0,0,0,0,0,0,NA,Google,Smartphone,Weekdays,1,25,1,1,0,0,0,0,1,Yesterday,5,play music,23,5,4,5,4,4,4,4,4,5,4,5,4,4,4,4,4,3,4,4,5,5,2,4,4,3,9,8,8,9,9,9,8,9,4,4,4,1,31,1,5,NA,1,2,3,NA
2020-05-06T08:03:12Z,319,1,23,0,1,1,0,0,0,0,NA,Amazon,Smart Speaker,Weekend,7,3,4,0,0,0,1,0,1,> 7 days ago,5,buy/order something,2,1,1,1,1,1,1,1,1,1,1,5,1,5,1,1,5,1,1,5,5,5,3,4,3,3,9,9,9,6,6,6,6,6,5,5,5,2,37,1,2,NA,1,1,2,NA
2020-05-06T08:03:16Z,256,1,234,0,1,1,1,0,0,0,NA,Apple,Smartphone,All days,2,1,3,0,0,1,0,0,1,> 7 days ago,3,check traffic /navigation,1,1,1,1,1,1,1,1,1,1,1,1,1,4,4,4,4,4,4,2,2,2,3,3,3,3,6,6,6,9,9,9,9,9,2,3,2,2,34,1,5,NA,4,1,2,NA
2020-05-06T08:03:18Z,161,1,3,0,0,1,0,0,0,0,NA,Apple,Smartphone,All days,6,1130,1,1,0,0,0,0,1,2 days ago,9,check traffic /navigation,NA,5,4,2,3,2,3,3,4,3,4,4,5,4,4,5,5,5,5,4,3,4,3,4,4,3,6,8,7,9,10,8,9,9,2,4,3,1,22,1,3,NA,2,2,3,NA
2020-05-06T08:03:19Z,255,1,3,0,0,1,0,0,0,0,NA,Apple,Smartphone,Weekdays,2,1,2,0,1,0,0,0,1,Yesterday,3,play music,4,2,2,1,1,4,2,4,1,5,2,4,1,2,2,2,1,1,1,4,4,4,4,3,3,3,1,8,6,7,6,9,7,7,1,2,2,1,28,1,3,NA,1,1,4,NA
2020-05-06T08:03:21Z,182,1,23,0,1,1,0,0,0,0,NA,Apple,Smartphone,All days,7,7,12345,1,1,1,1,1,1,5 days ago,3,other,1,2,1,3,2,3,1,1,3,4,1,3,3,4,3,3,4,4,4,4,4,4,3,3,3,3,8,8,7,7,7,7,7,8,4,4,4,2,26,1,3,NA,7,1,3,NA
2020-05-06T08:03:23Z,328,1,2,0,1,0,0,0,0,0,NA,Amazon,Smart Speaker,Weekdays,7,5,14,1,0,0,1,0,1,Yesterday,10,add items to a shopping list,5,4,4,1,2,1,1,4,2,4,1,4,5,5,4,4,4,4,5,4,4,5,4,5,4,3,9,8,8,7,6,7,7,6,4,5,4,1,49,1,2,NA,1,2,2,NA
2020-05-06T08:03:23Z,251,1,12,1,1,0,0,0,0,0,NA,Amazon,Smart Speaker,All days,7,3,1,1,0,0,0,0,1,4 days ago,3,play music,45,5,5,4,5,5,4,5,5,5,5,5,5,5,5,5,5,5,5,1,2,2,2,1,1,3,8,9,9,10,10,10,10,10,5,5,5,1,32,1,4,NA,2,2,4,NA
2020-05-06T08:03:24Z,241,1,1245,1,1,0,1,1,0,0,NA,Amazon,Smartphone,Weekend,3,3,123,1,1,1,0,0,1,3 days ago,3,play music,60,4,3,4,5,5,3,2,5,4,3,4,5,4,3,3,4,5,5,1,1,2,1,5,4,2,9,7,8,9,10,8,9,8,4,5,4,1,23,1,3,NA,1,1,3,NA
2020-05-06T08:03:28Z,297,1,3,0,0,1,0,0,0,0,NA,Apple,Smartphone,Weekdays,4,6,13,1,0,1,0,0,1,3 days ago,9,buy/order something,4,4,4,2,2,2,1,4,2,4,2,4,3,5,5,4,4,4,5,4,4,5,3,4,4,3,9,8,9,7,7,7,7,8,4,4,4,2,45,1,3,NA,1,2,3,NA
2020-05-06T08:03:28Z,329,1,234,0,1,1,1,0,0,0,NA,Apple,Smartphone,All days,1,1,34,0,0,1,1,0,1,2 days ago,5,play music,3,4,4,1,2,1,1,1,1,3,1,2,1,4,5,5,5,4,4,5,5,5,4,4,3,3,9,8,9,9,9,6,7,9,5,5,5,2,22,1,3,NA,5,1,4,NA
2020-05-06T08:03:29Z,271,1,1,1,0,0,0,0,0,0,NA,Google,Smartphone,All days,7,5,2,0,1,0,0,0,1,Today,10,buy/order something,30,4,5,4,4,3,3,3,3,4,4,5,4,3,5,4,5,4,4,4,4,4,3,5,4,3,8,9,8,8,9,8,9,9,5,4,4,2,53,1,3,NA,1,2,3,NA
2020-05-06T08:03:31Z,191,1,1,1,0,0,0,0,0,0,NA,Google,Smartphone,Weekdays,2,1,13,1,0,1,0,0,1,7 days ago,9,send text /email,3,1,1,4,1,2,2,1,3,3,1,1,4,4,4,4,4,4,3,4,4,4,3,3,3,3,7,8,7,9,9,9,9,9,3,4,3,4,60,1,3,NA,1,1,3,NA
2020-05-06T08:03:40Z,335,1,1,1,0,0,0,0,0,0,NA,Google,Other,Weekdays,4,12,5,0,0,0,0,1,1,2 days ago,3,play music,14,3,5,4,1,2,3,3,3,2,2,1,4,3,3,4,2,1,2,4,4,1,3,5,2,3,1,6,7,6,7,8,9,8,2,3,4,1,46,1,3,NA,1,2,1,NA
2020-05-06T08:03:42Z,146,1,3,0,0,1,0,0,0,0,NA,Apple,Smartphone,All days,2,5,3,0,0,1,0,0,1,5 days ago,3,check weather/news,NA,1,3,4,4,5,1,2,4,2,2,1,3,3,2,4,1,3,4,4,4,4,2,3,4,3,7,1,9,7,8,7,9,7,4,3,5,1,25,1,3,NA,1,1,3,NA
2020-05-06T08:03:54Z,268,1,25,0,1,0,0,1,0,0,NA,Samsung,Smartphone,Weekend,2,15,123,1,1,1,0,0,1,6 days ago,3,play music,30,4,4,5,5,4,4,5,4,3,4,4,5,4,3,4,4,5,4,4,4,4,4,4,4,3,8,9,8,10,9,10,9,10,4,3,4,2,26,1,4,NA,1,2,3,NA
2020-05-06T08:03:54Z,195,1,23,0,1,1,0,0,0,0,NA,Apple,Smartphone,Weekdays,4,1,1,1,0,0,0,0,1,> 7 days ago,9,other,3,5,5,1,1,1,1,1,1,1,1,1,5,5,1,1,1,1,5,5,5,5,4,4,4,3,8,8,8,6,6,6,6,6,5,5,5,2,44,1,3,NA,1,2,3,NA
2020-05-06T08:03:56Z,353,1,1,1,0,0,0,0,0,0,NA,Google,Smartphone,All days,7,5,14,1,0,0,1,0,1,Yesterday,9,check weather/news,3,4,3,1,1,2,4,3,2,4,2,4,4,4,4,4,4,4,4,4,4,4,4,4,3,3,6,9,9,9,8,9,8,8,4,4,5,2,24,1,3,NA,1,2,3,NA
2020-05-06T08:04:04Z,377,1,2,0,1,0,0,0,0,0,NA,Amazon,Other,All days,7,20,1,1,0,0,0,0,1,2 days ago,9,play music,1,4,3,1,1,1,1,3,1,1,1,5,4,4,4,4,4,4,4,5,5,4,4,5,3,3,9,9,7,9,9,7,7,9,5,5,5,1,57,1,3,NA,7,1,3,NA
2020-05-06T08:04:10Z,393,1,123,1,1,1,0,0,0,0,NA,Apple,Smartphone,All days,3,2,145,1,0,0,1,1,1,5 days ago,5,send text /email,1,4,3,2,2,2,3,4,2,3,2,3,4,4,4,5,5,4,5,5,5,5,4,4,3,3,9,9,7,6,6,6,7,7,5,5,5,2,30,1,2,NA,2,1,3,NA
2020-05-06T08:04:11Z,202,1,2,0,1,0,0,0,0,0,NA,Amazon,Smart Speaker,Weekend,3,2,3,0,0,1,0,0,1,6 days ago,9,set timer,15,2,2,2,3,2,2,2,3,3,2,2,3,2,3,4,2,2,4,2,2,2,3,2,1,2,6,8,6,7,9,8,8,9,2,4,4,1,34,1,3,NA,1,2,3,NA
2020-05-06T08:04:19Z,203,1,2,0,1,0,0,0,0,0,NA,Amazon,Smart Speaker,All days,7,50,1345,1,0,1,1,1,1,2 days ago,3,send text /email,5,1,1,1,1,3,3,3,1,1,1,3,3,1,1,1,1,1,1,4,5,4,4,3,3,3,8,8,1,7,8,8,9,10,4,4,4,1,37,1,3,NA,1,2,3,NA
2020-05-06T08:04:33Z,336,1,2,0,1,0,0,0,0,0,NA,Amazon,Smart Speaker,All days,7,3,45,0,0,0,1,1,1,> 7 days ago,2,check weather/news,2,4,4,1,1,1,3,3,1,3,1,4,5,4,4,4,4,3,5,5,5,5,4,4,3,3,9,9,7,8,8,8,7,8,5,5,5,1,34,1,2,NA,1,3,4,NA
2020-05-06T08:04:35Z,216,1,1,1,0,0,0,0,0,0,NA,Google,Smartphone,All days,6,4,234,0,1,1,1,0,1,Yesterday,5,play music,2,1,1,1,1,1,3,1,1,1,1,1,1,1,1,1,1,1,1,4,2,2,3,3,3,3,6,7,1,6,6,6,6,6,3,4,4,1,22,1,3,NA,1,1,2,NA
2020-05-06T08:04:35Z,352,1,12,1,1,0,0,0,0,0,NA,Amazon,Smart Speaker,Weekdays,1,3,1,1,0,0,0,0,1,> 7 days ago,3,check weather/news,5,5,5,5,5,5,5,5,5,5,5,5,5,5,5,5,5,5,5,5,2,2,1,4,5,3,9,9,9,10,10,10,10,10,5,5,5,2,32,1,3,NA,2,2,2,NA
2020-05-06T08:04:37Z,405,1,2,0,1,0,0,0,0,0,NA,Amazon,Smart Speaker,All days,4,20,14,1,0,0,1,0,1,Yesterday,3,play music,30,5,4,5,4,5,4,5,4,3,5,5,4,5,5,4,4,4,5,5,4,4,2,4,5,3,8,9,8,9,10,9,10,9,4,5,4,1,59,1,4,NA,1,2,2,NA
2020-05-06T08:04:40Z,365,1,3,0,0,1,0,0,0,0,NA,Apple,Smartphone,Weekdays,7,20,12345,1,1,1,1,1,1,2 days ago,5,buy/order something,1,4,4,1,2,1,3,3,2,4,1,4,4,4,4,4,4,4,4,4,4,5,4,4,4,3,9,9,9,7,7,7,6,6,5,4,5,1,32,1,3,NA,1,1,2,NA
2020-05-06T08:04:42Z,175,1,23,0,1,1,0,0,0,0,NA,Apple,Smartphone,Weekend,2,1,3,0,0,1,0,0,1,4 days ago,9,check weather/news,1,4,3,1,1,3,1,3,1,1,3,3,3,5,5,1,3,5,5,4,4,4,3,3,3,3,8,8,7,6,6,6,6,6,4,4,4,2,39,1,4,NA,1,2,3,NA
2020-05-06T08:04:44Z,372,1,12,1,1,0,0,0,0,0,NA,Google,Smartphone,All days,7,2,14,1,0,0,1,0,1,Today,3,check weather/news,5,3,3,3,2,1,2,4,2,3,3,4,4,4,3,3,5,3,4,3,4,4,4,3,4,3,7,8,8,9,8,9,9,9,4,3,4,1,37,1,3,NA,1,2,2,NA
2020-05-06T08:04:45Z,276,1,2,0,1,0,0,0,0,0,NA,Amazon,Other,All days,3,2,34,0,0,1,1,0,1,3 days ago,5,check weather/news,3,4,4,1,1,1,1,4,1,4,1,4,4,4,4,4,4,4,4,4,4,4,4,4,4,3,9,9,9,6,6,6,6,6,4,4,4,1,52,1,3,NA,1,2,2,NA
2020-05-06T08:04:50Z,376,1,3,0,0,1,0,0,0,0,NA,Apple,Smartphone,Weekdays,2,1,4,0,0,0,1,0,1,4 days ago,3,play music,2,2,4,2,3,1,2,4,3,3,5,3,3,5,5,4,2,4,5,4,1,1,1,4,1,3,1,1,1,7,8,9,6,8,3,5,1,1,25,1,3,NA,7,1,2,NA
2020-05-06T08:04:51Z,317,1,1245,1,1,0,1,1,0,0,NA,Google,Smart Speaker,Weekdays,1,5,1,1,0,0,0,0,1,Today,2,play music,5,4,3,4,5,5,5,5,5,3,4,5,5,5,5,5,5,5,4,1,2,1,2,1,2,3,8,9,8,10,10,10,10,10,5,3,5,1,60,1,3,NA,1,2,3,NA
2020-05-06T08:04:53Z,419,1,2,0,1,0,0,0,0,0,NA,Amazon,Other,All days,7,12,135,1,0,1,0,1,1,> 7 days ago,3,buy/order something,2,4,4,2,2,2,2,3,2,4,2,4,4,4,4,4,4,4,4,4,4,4,4,5,3,3,8,8,7,7,7,7,7,7,4,4,4,1,50,1,3,NA,1,2,5,NA
2020-05-06T08:04:56Z,283,1,2,0,1,0,0,0,0,0,NA,Amazon,Smartphone,Weekend,3,8,3,0,0,1,0,0,1,Yesterday,5,check traffic /navigation,20,2,3,2,4,3,4,4,2,2,4,4,3,3,3,5,2,4,4,5,3,4,2,4,4,3,7,6,8,8,8,7,9,7,3,4,4,2,41,1,3,NA,1,2,3,NA
2020-05-06T08:05:00Z,433,1,3,0,0,1,0,0,0,0,NA,Apple,Smartphone,All days,1,1,3,0,0,1,0,0,1,> 7 days ago,3,make a reservation,2,1,2,3,1,3,3,1,1,1,1,3,1,2,1,2,2,2,2,5,5,5,3,3,3,3,9,8,6,7,7,7,7,7,5,5,5,1,28,1,3,NA,7,1,2,NA
2020-05-06T08:05:04Z,308,1,12,1,1,0,0,0,0,0,NA,Google,Smartphone,All days,7,2,125,1,1,0,0,1,1,Yesterday,2,send text /email,15,4,3,3,3,4,3,4,3,4,4,4,5,5,4,4,4,4,4,4,5,4,4,3,2,3,7,8,7,8,9,9,9,9,4,5,4,1,25,1,3,NA,1,1,2,NA
2020-05-06T08:05:07Z,282,1,234,0,1,1,1,0,0,0,NA,Apple,Smartphone,Weekend,4,3,13,1,0,1,0,0,1,Yesterday,5,buy/order something,10,5,5,1,1,1,1,3,1,5,1,5,4,5,5,5,5,4,4,5,5,4,5,4,4,3,9,9,8,10,9,10,9,7,5,5,4,2,26,1,3,NA,1,3,3,NA
2020-05-06T08:05:08Z,351,1,2,0,1,0,0,0,0,0,NA,Amazon,Smart Speaker,All days,3,2,45,0,0,0,1,1,1,2 days ago,9,check weather/news,1,3,1,1,1,1,1,1,1,1,1,3,1,5,5,5,5,5,5,4,4,4,3,3,3,3,9,9,7,7,7,7,7,7,4,4,4,1,54,1,4,NA,7,1,2,NA
2020-05-06T08:05:15Z,328,1,1234,1,1,1,1,0,0,0,NA,Google,Smartphone,Weekend,1,14,124,1,1,0,1,0,1,Yesterday,3,play music,10,5,5,4,5,5,4,5,4,4,4,5,5,5,5,5,5,4,5,1,1,2,1,4,4,3,9,8,9,10,10,9,10,9,4,4,5,2,4,1,3,NA,1,2,2,NA
2020-05-06T08:05:16Z,295,1,23,0,1,1,0,0,0,0,NA,Apple,Smartphone,All days,3,0,1,1,0,0,0,0,1,2 days ago,3,send text /email,2,3,2,4,4,2,2,2,2,2,1,2,4,2,3,4,3,3,3,4,4,4,4,3,4,3,7,8,7,7,7,8,8,7,4,4,4,1,34,1,4,NA,1,2,3,NA
2020-05-06T08:05:18Z,375,1,12,1,1,0,0,0,0,0,NA,Google,Other,Weekend,7,4,1345,1,0,1,1,1,1,Today,9,send text /email,4,3,1,2,3,2,3,3,3,3,2,3,2,1,2,1,5,5,4,4,5,4,5,4,4,3,9,6,7,6,9,8,9,10,4,3,3,1,39,1,3,NA,2,2,3,NA
2020-05-06T08:05:19Z,372,1,12,1,1,0,0,0,0,0,NA,Amazon,Smart Speaker,All days,5,5,134,1,0,1,1,0,1,7 days ago,9,buy/order something,2,4,3,2,2,2,2,4,2,4,2,4,4,4,4,4,4,3,4,4,4,4,4,4,3,3,9,9,9,8,8,8,8,9,4,4,4,1,46,1,4,NA,1,2,3,NA
2020-05-06T08:05:28Z,464,1,2,0,1,0,0,0,0,0,NA,Amazon,Smartphone,Weekdays,4,3,13,1,0,1,0,0,1,Yesterday,3,add items to a shopping list,1,3,3,3,3,3,3,1,1,1,1,1,1,1,1,1,1,1,1,2,2,2,3,3,3,3,1,1,1,10,10,10,9,10,2,3,2,2,39,1,3,NA,1,2,3,NA
2020-05-06T08:05:39Z,346,1,12,1,1,0,0,0,0,0,NA,Google,Smartphone,Weekdays,3,2,3,0,0,1,0,0,1,2 days ago,5,set timer,2,4,3,4,4,4,2,4,2,4,2,3,2,4,5,4,3,5,4,4,5,4,3,4,4,3,8,8,9,7,7,6,7,8,4,4,5,1,35,1,3,NA,1,1,3,NA
2020-05-06T08:05:44Z,209,1,1,1,0,0,0,0,0,0,NA,Google,Smartphone,All days,7,1,14,1,0,0,1,0,1,> 7 days ago,3,buy/order something,3,3,1,2,2,1,1,1,1,1,1,2,3,5,5,5,5,4,5,2,2,2,3,3,3,3,6,1,1,7,7,7,6,6,2,4,2,1,37,1,3,NA,1,1,2,NA
2020-05-06T08:05:45Z,425,1,1,1,0,0,0,0,0,0,NA,Google,Smartphone,All days,6,5,12345,1,1,1,1,1,1,3 days ago,3,buy/order something,5,4,1,5,2,2,1,3,1,4,3,3,3,3,3,3,3,3,3,5,5,5,5,5,3,3,8,8,8,8,8,8,8,8,3,3,3,1,43,1,3,NA,1,2,5,NA
2020-05-06T08:05:46Z,423,1,124,1,1,0,1,0,0,0,NA,Amazon,Smart Speaker,Weekend,5,5,145,1,0,0,1,1,1,Today,9,check weather/news,10,4,4,2,2,3,2,4,3,4,2,4,4,4,4,4,4,4,5,4,4,4,4,3,3,3,8,9,8,9,8,9,9,8,4,4,4,1,31,1,3,NA,1,2,3,NA
2020-05-06T08:05:47Z,372,1,1,1,0,0,0,0,0,0,NA,Google,Smartphone,All days,5,30,15,1,0,0,0,1,1,> 7 days ago,3,check traffic /navigation,5,4,4,2,2,2,2,3,1,4,3,4,4,4,4,4,4,4,4,4,4,4,4,4,4,3,8,8,8,7,8,9,8,8,4,4,4,1,32,1,3,NA,1,1,2,NA
2020-05-06T08:05:48Z,302,1,1,1,0,0,0,0,0,0,NA,Google,NA,All days,7,4,1234,1,1,1,1,0,1,Yesterday,2,add items to a shopping list,2,5,5,4,3,3,3,4,4,4,3,3,3,4,4,4,4,4,4,4,4,4,4,4,4,3,9,9,9,7,8,8,9,9,5,5,5,1,27,1,3,NA,1,2,4,NA
2020-05-06T08:05:55Z,359,1,2,0,1,0,0,0,0,0,NA,Amazon,Smart Speaker,Weekdays,5,5,145,1,0,0,1,1,1,5 days ago,5,add items to a shopping list,1,4,3,1,1,1,1,4,1,3,1,4,4,3,2,2,3,2,5,4,4,4,4,4,3,3,8,8,8,7,7,7,7,7,4,4,4,1,24,1,3,NA,1,1,3,NA
2020-05-06T08:05:58Z,242,1,12345,1,1,1,1,1,0,0,NA,Amazon,Smart Speaker,Weekdays,1,2,2345,0,1,1,1,1,1,Yesterday,3,play music,10,3,3,3,3,1,4,4,3,4,3,5,5,5,5,3,4,3,4,2,3,4,5,4,4,3,9,8,6,9,10,7,9,8,5,4,2,1,25,1,4,NA,1,2,1,NA
2020-05-06T08:05:59Z,242,1,1,1,0,0,0,0,0,0,NA,Google,Smartphone,Weekdays,2,3,134,1,0,1,1,0,1,2 days ago,5,send text /email,10,2,2,4,2,3,3,3,3,3,4,2,2,3,4,2,3,4,4,3,3,3,2,3,3,3,7,6,8,8,9,8,7,8,4,2,2,1,25,1,3,NA,1,2,3,NA
2020-05-06T08:05:59Z,207,1,1,1,0,0,0,0,0,0,NA,Google,Smartphone,Weekend,1,4,1,1,0,0,0,0,1,3 days ago,3,play music,50,5,4,4,5,5,5,4,4,5,4,5,4,5,5,4,4,4,5,5,5,4,4,5,5,3,8,9,8,9,10,9,10,9,5,4,5,1,28,1,3,NA,1,2,3,NA
2020-05-06T08:06:02Z,232,1,2,0,1,0,0,0,0,0,NA,Amazon,Smart Speaker,All days,7,22,12345,1,1,1,1,1,1,Yesterday,9,buy/order something,10,1,1,4,2,1,1,1,1,1,1,1,1,1,1,1,1,1,4,5,5,5,2,3,3,3,9,9,6,7,7,7,6,7,5,5,5,1,38,1,4,NA,1,2,2,NA
2020-05-06T08:06:09Z,384,1,2,0,1,0,0,0,0,0,NA,Amazon,Smartphone,Weekend,3,5,1,1,0,0,0,0,1,4 days ago,5,play music,45,4,5,4,4,4,5,5,5,5,4,4,5,4,5,5,5,5,4,4,5,5,4,4,5,3,8,9,9,9,10,9,10,9,4,5,5,1,47,1,4,NA,1,2,4,NA
2020-05-06T08:06:10Z,318,1,1,1,0,0,0,0,0,0,NA,Google,Smartphone,Weekdays,4,2,13,1,0,1,0,0,1,4 days ago,5,send text /email,3,4,4,1,2,2,2,4,2,4,2,4,4,4,4,4,4,4,4,4,4,4,4,4,4,3,8,8,9,7,7,7,7,7,4,4,4,3,34,1,3,NA,1,1,2,NA
2020-05-06T08:06:12Z,465,1,1345,1,0,1,1,1,0,0,NA,Microsoft,Smartphone,All days,2,8,12345,1,1,1,1,1,1,7 days ago,10,buy/order something,5,5,4,4,4,5,5,NA,5,NA,4,5,NA,5,4,5,4,5,5,5,5,5,1,4,5,3,8,9,9,9,10,10,9,10,4,5,5,2,33,1,4,NA,1,2,3,NA
2020-05-06T08:06:20Z,397,1,12,1,1,0,0,0,0,0,NA,Amazon,Smartphone,Weekdays,7,7,1,1,0,0,0,0,1,> 7 days ago,10,play music,6,5,5,4,5,5,4,5,4,4,4,5,5,5,5,5,4,4,4,5,5,5,5,5,4,3,9,8,9,10,10,9,9,9,5,4,5,1,23,1,3,NA,2,1,1,NA
2020-05-06T08:06:20Z,368,1,2,0,1,0,0,0,0,0,NA,Amazon,Smart Speaker,All days,4,3,134,1,0,1,1,0,1,6 days ago,3,add items to a shopping list,4,4,4,2,2,2,3,4,1,4,1,4,4,4,5,4,4,4,4,4,4,4,4,3,3,3,9,9,9,7,7,7,7,7,4,4,4,2,52,1,4,NA,1,2,4,NA
2020-05-06T08:06:21Z,304,1,3,0,0,1,0,0,0,0,NA,Apple,Smartphone,All days,7,5,3,0,0,1,0,0,1,5 days ago,3,check traffic /navigation,3,5,5,1,1,1,1,5,1,5,1,5,5,5,5,5,5,5,5,5,5,5,5,5,5,3,9,9,9,6,6,6,6,6,5,5,5,1,32,1,3,NA,1,2,4,NA
2020-05-06T08:06:21Z,196,1,12,1,1,0,0,0,0,0,NA,Amazon,Smart Speaker,Weekdays,5,4,4,0,0,0,1,0,1,3 days ago,9,play music,30,5,5,3,5,4,4,5,5,4,4,5,4,4,4,4,5,4,3,5,4,4,5,4,4,3,8,8,9,10,9,10,9,10,5,4,4,1,30,1,4,NA,1,2,3,NA
2020-05-06T08:06:23Z,389,1,125,1,1,0,0,1,0,0,NA,Google,Smartphone,All days,6,3,134,1,0,1,1,0,1,6 days ago,5,check traffic /navigation,5,1,1,1,1,1,1,1,1,1,1,1,1,1,1,1,1,1,5,4,4,4,3,3,3,3,9,9,1,9,9,9,9,9,4,3,4,2,44,1,4,NA,1,1,3,NA
2020-05-06T08:06:23Z,317,1,23,0,1,1,0,0,0,0,NA,Amazon,Smart Speaker,Weekend,7,2,1,1,0,0,0,0,1,Yesterday,9,check traffic /navigation,5,3,3,2,3,2,3,2,2,3,3,3,3,2,3,2,2,3,4,4,4,4,4,3,3,3,8,8,7,9,9,8,8,9,4,4,4,1,28,1,3,NA,1,1,3,NA
2020-05-06T08:06:34Z,440,1,24,0,1,0,1,0,0,0,NA,Microsoft,Smart Speaker,All days,5,2,13,1,0,1,0,0,1,3 days ago,3,check weather/news,10,3,2,4,4,4,2,3,2,3,2,4,2,4,4,4,4,4,4,4,4,4,3,4,4,3,8,8,8,8,9,9,9,9,4,4,4,1,70,1,3,NA,2,2,2,NA
2020-05-06T08:06:34Z,466,1,2,0,1,0,0,0,0,0,NA,Amazon,Smart Speaker,All days,7,5,1345,1,0,1,1,1,1,> 7 days ago,5,add items to a shopping list,3,2,3,3,4,3,4,4,3,4,2,3,3,3,4,3,2,3,3,4,4,4,4,3,4,3,7,8,7,8,7,9,8,7,3,4,3,1,34,1,3,NA,1,2,3,NA
2020-05-06T08:06:36Z,356,1,23,0,1,1,0,0,0,0,NA,Apple,Smartphone,Weekend,2,10,1,1,0,0,0,0,1,2 days ago,9,check weather/news,10,5,5,5,2,4,3,4,5,4,3,5,3,4,2,3,5,4,3,5,5,4,4,3,4,3,8,7,8,8,9,7,9,8,4,4,4,1,33,1,3,NA,1,2,3,NA
2020-05-06T08:06:43Z,146,1,1,1,0,0,0,0,0,0,NA,Google,Smart Speaker,Weekdays,4,3,3,0,0,1,0,0,1,5 days ago,2,play music,20,5,5,5,4,5,4,5,5,4,5,5,4,5,4,5,5,4,4,4,5,4,5,4,5,3,8,9,9,10,9,10,10,6,4,5,5,1,28,1,4,NA,1,2,3,NA
2020-05-06T08:06:43Z,262,1,2,0,1,0,0,0,0,0,NA,Amazon,Smart Speaker,All days,7,3,124,1,1,0,1,0,1,4 days ago,3,buy/order something,5,3,4,1,1,3,1,3,1,3,1,4,4,4,4,4,4,4,4,4,4,4,4,4,3,3,8,8,7,7,7,7,7,7,4,4,4,1,39,1,2,NA,1,2,2,NA
2020-05-06T08:06:49Z,529,1,12,1,1,0,0,0,0,0,NA,Amazon,Smart Speaker,Weekend,7,5,345,0,0,1,1,1,1,4 days ago,3,send text /email,15,4,4,2,2,1,2,5,1,4,1,5,4,5,5,5,4,4,4,5,5,5,5,4,4,3,8,9,9,9,9,9,8,8,4,4,4,1,34,2,3,NA,1,3,NA,4
2020-05-06T08:06:52Z,218,1,3,0,0,1,0,0,0,0,NA,Apple,Smartphone,All days,4,3,34,0,0,1,1,0,1,3 days ago,9,send text /email,2,4,3,1,1,2,1,3,2,3,1,3,3,4,4,4,5,5,5,5,5,4,4,4,3,3,9,8,7,7,7,7,6,7,4,4,4,2,29,1,3,NA,1,1,2,NA
2020-05-06T08:06:54Z,494,1,1,1,0,0,0,0,0,0,NA,Google,Smartphone,Weekend,2,3,4,0,0,0,1,0,1,4 days ago,2,play music,30,4,4,3,4,3,3,3,4,3,3,4,4,3,5,2,3,3,4,3,2,4,4,3,3,3,8,9,8,8,9,8,9,10,3,4,5,2,34,1,4,NA,1,2,2,NA
2020-05-06T08:06:56Z,294,1,2,0,1,0,0,0,0,0,NA,Amazon,Smart Speaker,All days,7,8,3,0,0,1,0,0,1,3 days ago,5,buy/order something,10,4,2,3,4,3,2,2,3,3,3,2,1,2,2,3,4,3,4,4,4,4,4,3,3,3,6,6,6,7,8,6,7,8,3,2,3,1,33,1,3,NA,1,1,2,NA
2020-05-06T08:06:58Z,266,1,1345,1,0,1,1,1,0,0,NA,Google,Smartphone,All days,7,3,13,1,0,1,0,0,1,3 days ago,5,check weather/news,5,2,3,2,1,2,1,4,2,4,2,3,5,1,1,4,1,4,5,4,4,4,4,5,3,3,8,8,9,7,7,7,7,7,4,5,4,1,35,1,5,NA,1,1,5,NA
2020-05-06T08:06:58Z,208,1,1,1,0,0,0,0,0,0,NA,Google,Smart Speaker,Weekdays,3,5,1,1,0,0,0,0,1,5 days ago,10,check traffic /navigation,30,4,5,4,5,5,4,4,4,4,4,5,5,5,4,4,4,5,4,5,5,5,5,4,4,3,8,9,8,9,10,9,9,10,4,5,4,2,35,1,4,NA,1,2,3,NA
2020-05-06T08:07:09Z,461,1,13,1,0,1,0,0,0,0,NA,Apple,Smartphone,All days,7,10,12345,1,1,1,1,1,1,Today,2,play music,10,5,5,5,5,5,5,5,5,5,5,5,5,5,5,5,5,5,5,5,5,5,5,5,5,3,9,9,9,10,10,10,10,10,5,5,5,1,37,1,4,NA,1,2,2,NA
2020-05-06T08:07:10Z,345,1,1,1,0,0,0,0,0,0,NA,Google,Smartphone,All days,5,2,3,0,0,1,0,0,1,Yesterday,5,check traffic /navigation,15,4,3,4,3,3,4,4,3,3,2,4,3,4,4,4,4,4,3,4,4,4,3,4,4,3,8,8,7,8,9,8,9,8,4,4,4,1,34,1,3,NA,1,2,2,NA
2020-05-06T08:07:14Z,335,1,5,0,0,0,0,1,0,0,NA,Samsung,Smart Speaker,Weekdays,2,3,3,0,0,1,0,0,1,3 days ago,5,set timer,60,4,5,4,4,5,4,4,5,5,4,5,5,5,5,4,4,4,4,4,4,5,4,4,4,3,8,9,8,10,9,10,10,9,4,5,4,1,30,1,4,NA,1,2,3,NA
2020-05-06T08:07:17Z,268,1,123,1,1,1,0,0,0,0,NA,Google,Smartphone,All days,5,3,134,1,0,1,1,0,1,> 7 days ago,10,play music,1,4,4,3,4,5,5,5,5,5,3,4,4,4,4,5,5,4,5,4,5,5,3,4,5,3,8,7,8,8,9,9,8,10,3,4,4,2,34,1,3,NA,1,2,3,NA
2020-05-06T08:07:19Z,584,1,2,0,1,0,0,0,0,0,NA,Amazon,Smart Speaker,All days,7,5,145,1,0,0,1,1,1,Today,3,play music,30,4,3,5,3,4,5,5,3,4,5,4,4,5,3,5,3,4,4,4,4,3,4,5,4,3,8,9,8,10,8,9,9,10,5,4,5,1,46,1,4,NA,1,2,2,NA
2020-05-06T08:07:21Z,560,1,1,1,0,0,0,0,0,0,NA,Google,Smartphone,All days,7,5,3,0,0,1,0,0,1,6 days ago,3,check weather/news,2,4,4,1,1,1,3,3,1,3,1,4,4,4,4,4,4,5,5,4,4,4,4,4,4,3,9,9,9,8,8,8,8,8,4,4,4,1,47,1,5,NA,2,2,3,NA
2020-05-06T08:07:28Z,202,1,2,0,1,0,0,0,0,0,NA,Amazon,Smartphone,Weekdays,2,3,12,1,1,0,0,0,1,2 days ago,3,play music,10,4,4,4,5,4,5,4,5,4,4,4,5,4,4,4,5,4,5,4,2,2,2,2,1,3,8,8,9,9,9,10,9,9,4,5,5,1,44,1,4,NA,1,2,2,NA
2020-05-06T08:07:30Z,329,1,123,1,1,1,0,0,0,0,NA,Google,Smartphone,All days,3,1,4,0,0,0,1,0,1,3 days ago,9,buy/order something,5,4,4,1,2,2,2,3,2,3,2,4,4,4,4,4,4,4,5,4,4,4,3,3,3,3,8,8,9,7,7,8,7,8,4,5,4,1,26,1,3,NA,1,1,2,NA
2020-05-06T08:07:51Z,487,1,12,1,1,0,0,0,0,0,NA,Amazon,Smart Speaker,Weekend,3,3,1,1,0,0,0,0,1,2 days ago,5,play music,35,4,4,4,3,3,3,3,4,3,3,4,3,4,4,3,3,3,3,4,3,4,4,4,3,3,7,8,7,8,9,8,8,9,3,4,3,1,35,1,4,NA,1,2,2,NA
2020-05-06T08:07:55Z,208,1,4,0,0,0,1,0,0,0,NA,Microsoft,Smartphone,Weekdays,3,10,12,1,1,0,0,0,1,2 days ago,3,play music,30,5,4,5,4,5,4,5,5,5,4,4,5,5,4,5,5,5,4,5,5,4,5,5,4,3,9,8,9,10,10,9,10,9,5,5,4,1,30,1,4,NA,1,2,3,NA
2020-05-06T08:07:55Z,281,1,123,1,1,1,0,0,0,0,NA,Apple,Smartphone,Weekdays,5,6,12345,1,1,1,1,1,1,Yesterday,3,check weather/news,2,2,2,4,2,2,2,2,2,4,2,2,4,4,4,4,4,4,4,4,4,4,4,4,4,3,8,8,8,7,7,7,7,7,4,4,4,2,28,1,2,NA,1,1,2,NA
2020-05-06T08:08:12Z,113,1,2,0,1,0,0,0,0,0,NA,Amazon,Smartphone,Weekend,3,5,2,0,1,0,0,0,1,2 days ago,5,check weather/news,15,4,3,5,4,4,3,4,3,5,3,4,4,2,5,3,3,4,4,1,4,3,3,4,4,3,8,9,8,8,9,10,8,8,3,4,5,1,60,1,3,NA,2,2,3,NA
2020-05-06T08:08:20Z,265,1,124,1,1,0,1,0,0,0,NA,Google,Smartphone,Weekend,2,5,13,1,0,1,0,0,1,3 days ago,3,play music,20,2,5,2,4,4,3,5,3,2,3,4,5,4,5,3,2,4,5,3,2,3,3,3,4,3,8,6,7,9,7,8,10,9,4,2,4,1,30,1,4,NA,1,2,2,NA
2020-05-06T08:08:20Z,483,1,3,0,0,1,0,0,0,0,NA,Apple,Smartphone,Weekend,3,5,25,0,1,0,0,1,1,2 days ago,3,set timer,40,5,4,4,4,5,5,4,4,5,5,5,4,4,4,5,4,5,3,2,2,1,2,2,2,3,9,8,9,10,9,8,10,9,5,4,3,1,30,1,4,NA,1,2,3,NA
2020-05-06T08:08:28Z,528,1,2,0,1,0,0,0,0,0,NA,Amazon,Smart Speaker,All days,7,10,12345,1,1,1,1,1,1,> 7 days ago,9,set timer,30,4,5,4,3,5,2,3,5,5,4,5,4,5,5,4,3,4,3,4,5,5,4,5,5,3,9,7,8,10,8,9,10,9,4,3,5,1,33,1,3,NA,1,2,3,NA
2020-05-06T08:08:32Z,194,1,1,1,0,0,0,0,0,0,NA,Google,Smartphone,Weekend,3,1,3,0,0,1,0,0,1,3 days ago,3,check weather/news,30,4,5,4,4,4,4,4,4,4,4,4,5,4,4,4,4,4,4,4,4,4,3,4,4,3,8,9,8,9,9,9,9,9,4,4,4,1,34,1,3,NA,1,2,3,NA
2020-05-06T08:08:36Z,641,1,23,0,1,1,0,0,0,0,NA,Amazon,Smart Speaker,All days,7,10,134,1,0,1,1,0,1,3 days ago,9,play music,60,4,4,3,4,3,3,3,4,3,3,3,4,4,3,3,4,4,3,3,4,4,4,4,4,3,8,8,7,8,8,8,8,8,4,4,4,1,32,1,3,NA,1,1,2,NA
2020-05-06T08:08:36Z,345,1,3,0,0,1,0,0,0,0,NA,Apple,Smart Speaker,Weekdays,5,15,134,1,0,1,1,0,1,4 days ago,5,buy/order something,10,4,5,2,3,4,5,4,3,4,5,3,4,4,3,3,5,3,5,2,3,3,2,3,4,2,7,8,6,9,9,8,9,9,4,4,3,1,58,1,3,NA,1,2,2,NA
2020-05-06T08:08:41Z,273,1,123,1,1,1,0,0,0,0,NA,Google,Other,All days,1,50,12345,1,1,1,1,1,1,Yesterday,2,play music,20,4,4,3,3,5,3,4,5,4,4,3,5,4,5,4,4,3,5,4,4,4,3,4,4,3,9,8,9,10,9,10,10,9,5,4,5,2,32,1,3,NA,1,2,2,NA
2020-05-06T08:08:50Z,606,1,2,0,1,0,0,0,0,0,NA,Amazon,Smart Speaker,All days,7,5,1345,1,0,1,1,1,1,Yesterday,9,other,5,1,1,1,1,1,1,1,1,4,1,4,4,4,4,1,1,4,4,4,4,4,3,3,3,3,8,6,6,6,6,6,6,6,4,4,4,1,43,1,2,NA,1,1,2,NA
2020-05-06T08:08:53Z,557,1,1,1,0,0,0,0,0,0,NA,Google,Smart Speaker,Weekend,4,5,24,0,1,0,1,0,1,2 days ago,5,play music,7,4,2,4,3,4,3,4,3,4,4,4,4,3,3,4,3,3,4,4,4,4,3,4,4,3,8,8,8,9,8,8,9,9,4,4,3,1,28,1,3,NA,1,1,2,NA
2020-05-06T08:09:01Z,308,1,14,1,0,0,1,0,0,0,NA,Google,Smartphone,All days,2,1,3,0,0,1,0,0,1,> 7 days ago,5,check traffic /navigation,3,1,1,1,1,1,1,1,1,1,1,4,4,4,4,4,1,4,5,5,4,4,3,3,3,3,9,8,8,7,8,7,9,8,4,4,4,1,29,1,6,Associates Degree,7,1,1,NA
2020-05-06T08:09:02Z,154,1,3,0,0,1,0,0,0,0,NA,Apple,Smartphone,All days,3,2,13,1,0,1,0,0,1,2 days ago,9,send text /email,2,2,2,3,2,3,3,2,3,2,3,3,3,3,3,3,3,4,4,4,4,4,3,3,3,3,9,9,7,7,7,7,7,7,4,4,4,2,29,1,2,NA,1,1,2,NA
2020-05-06T08:09:02Z,319,1,124,1,1,0,1,0,0,0,NA,Google,Smartphone,All days,7,4,145,1,0,0,1,1,1,Today,9,set timer,1,5,4,4,5,3,3,2,3,5,1,4,4,5,4,5,3,3,2,5,4,4,5,4,5,2,9,7,8,10,8,9,10,8,3,3,4,2,25,1,4,NA,1,2,3,NA
2020-05-06T08:09:11Z,172,1,2,0,1,0,0,0,0,0,NA,Amazon,Smartphone,Weekend,2,2,123,1,1,1,0,0,1,Yesterday,3,check weather/news,20,3,3,3,2,4,1,5,3,3,4,5,4,5,5,4,4,3,3,3,3,3,3,4,4,3,8,9,7,9,10,7,10,9,3,4,5,1,25,1,3,NA,1,2,1,NA
2020-05-06T08:09:11Z,259,1,12,1,1,0,0,0,0,0,NA,Google,Smartphone,All days,1,26,12345,1,1,1,1,1,1,Yesterday,5,add items to a shopping list,NA,3,4,3,4,5,4,3,5,4,4,5,4,3,4,4,5,5,4,4,4,4,3,4,5,3,8,9,8,9,8,10,9,8,3,5,4,2,49,1,3,NA,1,2,3,NA
2020-05-06T08:09:28Z,114,1,3,0,0,1,0,0,0,0,NA,Apple,Smartphone,Weekend,3,4,3,0,0,1,0,0,1,2 days ago,3,add items to a shopping list,25,4,4,3,4,5,3,4,5,5,3,4,3,5,4,3,5,4,3,2,2,2,3,3,2,1,8,7,9,9,8,7,8,9,3,4,2,2,53,1,4,NA,6,2,2,NA
2020-05-06T08:09:35Z,707,1,4,0,0,0,1,0,0,0,NA,Microsoft,Smart Speaker,Weekdays,4,14,4,0,0,0,1,0,1,Yesterday,9,make a reservation,NA,5,4,5,4,3,5,5,5,4,5,5,4,4,5,5,5,4,4,1,2,1,3,4,5,3,8,9,8,10,10,9,9,10,5,4,3,1,57,1,6,some college,7,2,2,NA
2020-05-06T08:09:36Z,383,1,23,0,1,1,0,0,0,0,NA,Amazon,Smart Speaker,All days,7,3,14,1,0,0,1,0,1,> 7 days ago,5,check weather/news,6,3,3,2,1,2,2,3,2,4,2,4,4,4,4,3,3,4,5,4,4,4,3,3,3,3,9,9,7,7,7,7,7,7,4,4,4,1,60,1,2,NA,1,2,2,NA
2020-05-06T08:09:38Z,283,1,5,0,0,0,0,1,0,0,NA,Samsung,Smart Speaker,Weekend,3,5,2,0,1,0,0,0,1,5 days ago,9,set timer,50,4,4,5,5,4,5,4,5,5,4,5,4,4,5,5,4,4,4,2,2,1,2,2,2,3,8,9,9,9,10,9,9,10,4,3,4,2,32,1,3,NA,1,2,2,NA
2020-05-06T08:09:41Z,586,1,13,1,0,1,0,0,0,0,NA,Google,Smart Speaker,Weekdays,5,4,123,1,1,1,0,0,1,4 days ago,5,check weather/news,5,2,3,3,3,3,3,2,2,2,1,5,4,4,4,4,4,4,4,4,4,4,3,4,5,3,9,9,9,9,9,9,8,8,4,4,4,1,32,1,3,NA,1,1,3,NA
2020-05-06T08:09:45Z,502,1,2,0,1,0,0,0,0,0,NA,Amazon,Smart Speaker,All days,3,10,1235,1,1,1,0,1,1,Yesterday,3,play music,15,4,4,5,4,3,5,4,5,4,5,5,5,5,4,3,5,4,5,4,4,5,4,5,5,3,8,9,7,9,10,8,9,8,4,5,3,1,28,1,3,NA,2,2,2,NA
2020-05-06T08:09:51Z,667,1,15,1,0,0,0,1,0,0,NA,Google,Smart Speaker,Weekdays,5,3,123,1,1,1,0,0,1,Yesterday,10,check weather/news,5,5,5,1,1,1,1,3,1,5,1,5,5,5,5,5,4,1,5,5,5,5,4,4,3,3,9,9,9,9,8,9,8,9,4,5,5,2,35,1,3,NA,1,2,3,NA
2020-05-06T08:09:51Z,490,1,1,1,0,0,0,0,0,0,NA,Google,Smartphone,Weekdays,7,10,134,1,0,1,1,0,1,Today,10,other,5,3,3,3,3,3,3,1,3,3,3,3,4,4,5,5,2,2,5,4,4,4,3,3,3,3,8,8,8,8,9,9,9,9,4,4,4,2,60,1,3,NA,1,1,2,NA
2020-05-06T08:09:56Z,570,1,12,1,1,0,0,0,0,0,NA,Amazon,Smartphone,All days,4,4,45,0,0,0,1,1,1,4 days ago,5,play music,30,4,4,3,3,4,4,3,4,4,4,4,5,5,4,4,5,4,5,3,4,4,4,4,4,3,9,9,8,9,8,9,9,9,5,4,5,1,33,1,3,NA,1,2,3,NA
2020-05-06T08:10:00Z,340,1,36,0,0,1,0,0,1,0,Google Mini Home,NA,Smart Speaker,All days,7,10,12345,1,1,1,1,1,1,Yesterday,9,check weather/news,6,3,3,4,4,3,3,2,4,2,4,3,3,4,4,3,3,3,4,4,4,4,2,3,3,3,8,8,7,8,8,8,8,8,4,3,3,1,30,1,4,NA,1,1,3,NA
2020-05-06T08:10:01Z,255,1,13,1,0,1,0,0,0,0,NA,Google,Smartphone,Weekdays,1,1,1,1,0,0,0,0,1,4 days ago,3,check traffic /navigation,2,3,2,3,3,2,2,1,3,1,3,2,3,4,3,2,2,3,4,4,4,4,3,3,3,3,7,6,6,10,10,10,10,10,4,3,3,1,36,1,2,NA,2,1,2,NA
2020-05-06T08:10:01Z,326,1,2,0,1,0,0,0,0,0,NA,Amazon,Smartphone,Weekend,2,1,12,1,1,0,0,0,1,Yesterday,3,play music,2,3,3,4,2,3,4,3,3,4,3,4,3,4,4,4,4,3,4,1,1,1,2,2,2,3,8,8,8,8,8,8,9,9,3,4,4,1,34,1,2,NA,1,1,2,NA
2020-05-06T08:10:03Z,633,1,15,1,0,0,0,1,0,0,NA,Samsung,Smartphone,All days,1,1,2,0,1,0,0,0,1,2 days ago,9,buy/order something,1,1,1,1,1,1,1,1,1,3,1,4,4,5,3,3,5,5,5,4,4,4,3,4,3,3,9,9,9,9,9,10,8,10,5,5,5,1,30,1,2,NA,7,1,2,NA
2020-05-06T08:10:04Z,239,1,1,1,0,0,0,0,0,0,NA,Google,Smart Speaker,Weekdays,7,8,2345,0,1,1,1,1,1,3 days ago,3,play music,4,3,3,2,4,4,4,4,3,4,4,3,3,4,2,4,3,4,3,4,4,4,4,5,4,3,7,8,8,8,9,9,8,7,5,5,5,2,31,1,2,NA,2,2,2,NA
2020-05-06T08:10:10Z,452,1,14,1,0,0,1,0,0,0,NA,Google,Smartphone,Weekdays,4,4,134,1,0,1,1,0,1,5 days ago,5,play music,3,4,5,2,1,2,3,5,2,5,5,5,5,5,4,4,3,4,5,5,5,5,5,4,4,3,9,9,8,7,9,8,7,9,4,4,5,2,30,1,4,NA,1,2,3,NA
2020-05-06T08:10:12Z,204,1,125,1,1,0,0,1,0,0,NA,Amazon,Smart Speaker,Weekdays,4,4,145,1,0,0,1,1,1,2 days ago,5,play music,45,4,5,5,4,3,3,4,5,4,5,3,4,4,5,3,3,3,4,4,3,2,4,3,4,3,8,9,7,9,9,10,10,8,4,4,5,1,28,1,3,NA,1,2,2,NA
2020-05-06T08:10:17Z,171,1,1,1,0,0,0,0,0,0,NA,Google,Smartphone,Weekend,2,4,1,1,0,0,0,0,1,Yesterday,3,play music,50,4,4,4,5,4,5,5,5,4,5,5,4,5,5,5,4,4,5,5,4,5,5,4,4,3,8,9,8,10,9,10,10,9,4,5,5,2,39,1,3,NA,1,2,3,NA
2020-05-06T08:10:19Z,214,1,1234,1,1,1,1,0,0,0,NA,Google,Smart Speaker,Weekdays,1,5,1,1,0,0,0,0,1,Yesterday,3,check weather/news,5,5,5,4,4,4,4,5,4,4,3,5,4,4,4,5,4,5,3,2,1,1,1,2,2,3,8,9,8,7,9,8,10,10,2,5,5,1,60,1,3,NA,1,2,3,NA
2020-05-06T08:10:22Z,109,1,1245,1,1,0,1,1,0,0,NA,Google,Smartphone,All days,4,2,24,0,1,0,1,0,1,3 days ago,9,other,15,3,3,3,4,2,2,3,2,3,2,3,2,3,2,3,2,2,3,2,3,3,4,2,4,3,6,7,7,8,7,8,7,8,3,2,3,2,28,1,3,NA,1,1,2,NA
2020-05-06T08:10:24Z,261,1,12,1,1,0,0,0,0,0,NA,Google,Smartphone,All days,2,10,12345,1,1,1,1,1,1,Yesterday,3,play music,5,4,3,3,4,5,2,3,4,5,4,4,3,3,4,5,4,2,3,1,2,3,4,4,3,3,8,7,7,9,10,9,7,9,5,4,3,1,58,1,3,NA,2,1,3,NA
2020-05-06T08:10:32Z,377,1,3,0,0,1,0,0,0,0,NA,Apple,Smart Speaker,All days,3,2,3,0,0,1,0,0,1,> 7 days ago,5,buy/order something,5,4,3,2,3,3,2,4,2,3,2,4,4,4,4,3,3,3,4,4,4,4,4,3,3,3,8,8,8,7,7,7,8,8,4,4,4,2,62,1,4,NA,2,1,2,NA
2020-05-06T08:10:33Z,195,1,124,1,1,0,1,0,0,0,NA,Google,Smart Speaker,Weekend,3,5,13,1,0,1,0,0,1,2 days ago,3,play music,55,4,4,5,5,4,5,5,4,4,5,5,4,5,4,4,4,5,5,1,2,1,2,4,4,3,8,9,8,10,9,10,10,9,4,5,4,1,35,1,4,NA,1,2,3,NA
2020-05-06T08:10:40Z,194,1,13,1,0,1,0,0,0,0,NA,Google,Smartphone,Weekdays,4,5,1,1,0,0,0,0,1,Yesterday,5,check weather/news,4,3,4,3,2,2,1,3,3,3,3,4,2,3,3,3,3,4,2,4,4,4,3,3,3,3,7,6,6,8,9,9,8,8,3,2,2,1,30,1,3,NA,1,1,3,NA
2020-05-06T08:10:40Z,290,1,123,1,1,1,0,0,0,0,NA,Google,Smartphone,Weekend,2,2,4,0,0,0,1,0,1,5 days ago,2,check weather/news,2,5,4,1,1,1,1,3,1,3,1,5,5,5,5,5,5,5,5,4,4,5,4,3,3,3,9,9,9,6,6,6,6,6,5,5,5,1,33,1,3,NA,1,1,2,NA
2020-05-06T08:11:12Z,413,1,123,1,1,1,0,0,0,0,NA,Amazon,Smartphone,Weekdays,4,5,145,1,0,0,1,1,1,Today,9,play music,30,5,4,3,4,5,4,4,3,5,5,4,5,4,4,3,5,5,4,5,3,4,5,4,5,3,8,9,8,9,8,10,10,8,4,5,5,1,30,1,4,NA,1,2,3,NA
2020-05-06T08:11:17Z,635,1,125,1,1,0,0,1,0,0,NA,Amazon,Smartphone,Weekend,6,3,135,1,0,1,0,1,1,2 days ago,2,send text /email,30,5,4,4,4,5,4,5,4,5,5,4,4,5,4,4,5,4,5,5,4,4,5,5,5,3,8,9,9,10,9,10,9,10,5,4,5,2,30,1,4,NA,1,2,3,NA
2020-05-06T08:11:21Z,330,1,1,1,0,0,0,0,0,0,NA,Google,Smartphone,Weekdays,7,10,4,0,0,0,1,0,1,Yesterday,2,play music,30,3,5,5,5,5,4,4,4,4,4,4,5,4,5,5,5,4,4,5,5,4,3,4,5,3,9,9,8,9,8,10,9,9,5,5,4,1,32,1,3,NA,1,2,3,NA
2020-05-06T08:11:25Z,328,1,3,0,0,1,0,0,0,0,NA,Apple,Smartphone,All days,2,1,1,1,0,0,0,0,1,> 7 days ago,5,check weather/news,1,1,1,2,1,3,1,1,1,3,1,3,4,5,5,4,5,1,5,4,4,4,3,4,3,3,9,9,8,7,7,7,7,7,5,5,5,2,25,1,2,NA,2,1,3,NA
2020-05-06T08:11:26Z,219,1,1,1,0,0,0,0,0,0,NA,Google,Smartphone,All days,3,2,13,1,0,1,0,0,1,> 7 days ago,3,send text /email,5,2,2,4,3,2,2,1,4,1,1,1,1,4,4,2,2,4,4,2,2,1,3,3,3,3,6,6,6,9,9,8,9,9,2,4,2,1,38,1,3,NA,1,2,3,NA
2020-05-06T08:11:30Z,210,1,2,0,1,0,0,0,0,0,NA,Amazon,Smart Speaker,Weekdays,2,3,1,1,0,0,0,0,1,> 7 days ago,3,play music,5,5,5,5,5,5,5,5,NA,NA,5,5,NA,5,5,5,5,5,5,5,2,2,1,4,5,3,9,9,9,10,10,10,10,10,5,5,5,2,32,1,3,NA,2,2,3,NA
2020-05-06T08:11:31Z,325,1,23,0,1,1,0,0,0,0,NA,Amazon,Smart Speaker,Weekend,2,65,3,0,0,1,0,0,1,2 days ago,9,make a reservation,56,3,3,4,4,3,3,3,4,3,3,3,3,4,4,3,3,3,3,3,3,2,2,1,1,3,7,8,7,9,8,8,9,8,3,3,3,3,38,2,3,NA,7,2,NA,3
2020-05-06T08:11:39Z,250,1,125,1,1,0,0,1,0,0,NA,Google,Smartphone,All days,5,3,45,0,0,0,1,1,1,> 7 days ago,3,check weather/news,2,3,1,5,1,1,1,1,1,1,1,1,1,5,1,1,3,3,5,4,4,4,2,3,3,3,7,8,1,7,7,7,6,6,4,5,4,1,37,1,3,NA,1,1,3,NA
2020-05-06T08:11:48Z,438,1,234,0,1,1,1,0,0,0,NA,Amazon,Smart Speaker,Weekdays,5,4,1345,1,0,1,1,1,1,6 days ago,9,buy/order something,5,4,3,1,1,1,1,4,1,4,1,5,4,4,4,4,5,4,5,4,4,4,5,5,4,3,9,9,8,7,6,6,6,7,4,5,4,1,38,1,4,NA,1,2,3,NA
2020-05-06T08:11:49Z,610,1,12,1,1,0,0,0,0,0,NA,Google,Smartphone,Weekend,2,2,1,1,0,0,0,0,1,6 days ago,3,play music,4,3,2,4,1,3,3,5,2,2,3,5,3,5,5,5,5,3,1,3,3,3,3,5,5,3,8,8,6,7,8,7,7,9,3,4,3,2,45,1,3,NA,1,2,5,NA
2020-05-06T08:11:51Z,519,1,1,1,0,0,0,0,0,0,NA,Google,Smartphone,All days,2,4,3,0,0,1,0,0,1,2 days ago,3,set timer,2,4,5,4,5,4,4,4,NA,5,NA,4,NA,4,5,5,5,5,4,4,4,4,4,5,4,3,8,9,8,9,10,9,9,10,4,5,5,2,34,1,4,NA,1,2,3,NA
2020-05-06T08:11:52Z,231,1,12,1,1,0,0,0,0,0,NA,Amazon,Smartphone,Weekend,2,3,13,1,0,1,0,0,1,2 days ago,9,buy/order something,30,4,4,5,5,5,4,4,5,5,5,5,4,4,5,4,5,5,4,5,4,4,5,5,4,2,8,9,9,10,9,9,10,10,5,4,5,1,30,1,4,NA,1,2,3,NA
2020-05-06T08:12:00Z,367,1,1,1,0,0,0,0,0,0,NA,Google,Smartphone,Weekdays,5,4,14,1,0,0,1,0,1,Yesterday,10,check traffic /navigation,5,5,4,1,1,1,1,5,1,5,1,5,5,5,5,5,5,5,5,4,4,4,4,4,4,3,9,9,9,6,6,6,6,6,4,4,4,1,24,1,3,NA,1,1,2,NA
2020-05-06T08:12:01Z,292,1,2,0,1,0,0,0,0,0,NA,Amazon,Smart Speaker,All days,7,8,12,1,1,0,0,0,1,> 7 days ago,5,play music,30,4,4,5,5,5,5,4,5,4,5,5,4,5,5,5,5,4,4,5,5,3,4,4,3,2,9,8,9,10,9,10,10,9,5,4,2,1,29,1,3,NA,1,2,3,NA
2020-05-06T08:12:02Z,254,1,1234,1,1,1,1,0,0,0,NA,Amazon,Smartphone,Weekdays,5,5,124,1,1,0,1,0,1,Yesterday,9,add items to a shopping list,30,4,4,1,1,2,1,4,1,1,4,4,3,4,5,4,4,4,4,1,5,5,5,5,5,3,8,9,8,6,6,6,8,8,4,4,4,1,31,1,3,NA,1,2,2,NA
2020-05-06T08:12:03Z,581,1,15,1,0,0,0,1,0,0,NA,Google,Smartphone,Weekdays,3,5,4,0,0,0,1,0,1,3 days ago,5,play music,30,3,3,4,5,5,4,4,4,3,3,5,2,5,4,4,2,3,3,2,2,2,1,3,4,3,8,6,7,9,10,8,9,8,3,5,4,1,32,1,3,NA,1,2,3,NA
2020-05-06T08:12:03Z,349,1,2,0,1,0,0,0,0,0,NA,Amazon,Other,Weekdays,2,10,1,1,0,0,0,0,1,2 days ago,3,check weather/news,9,4,4,4,5,5,5,4,4,5,4,4,4,5,4,4,5,5,4,2,4,4,1,5,5,1,9,9,9,9,9,10,9,10,5,4,4,1,30,1,3,NA,1,2,1,NA
2020-05-06T08:12:04Z,190,1,12,1,1,0,0,0,0,0,NA,Google,Smartphone,Weekdays,5,3,235,0,1,1,0,1,1,Yesterday,2,play music,15,4,4,3,4,5,4,4,5,4,4,4,3,4,4,5,4,3,4,4,4,5,4,3,4,3,8,7,8,9,10,9,8,9,4,4,5,1,30,1,4,NA,1,2,2,NA
2020-05-06T08:12:12Z,352,1,12345,1,1,1,1,1,0,0,NA,Google,Smartphone,Weekdays,5,20,1345,1,0,1,1,1,1,Today,10,play music,2,4,4,4,4,3,5,3,4,3,4,5,3,1,4,5,3,5,4,5,4,4,5,4,5,3,9,7,7,9,8,9,8,9,4,4,3,1,35,1,4,NA,1,2,5,NA
2020-05-06T08:12:13Z,152,1,12,1,1,0,0,0,0,0,NA,Amazon,Smart Speaker,All days,7,20,12345,1,1,1,1,1,1,Today,10,check weather/news,1,5,5,4,4,5,4,4,5,5,4,5,5,5,5,4,4,5,5,3,4,5,3,4,4,3,9,8,8,10,9,9,10,10,4,3,4,1,33,1,3,NA,1,1,3,NA
2020-05-06T08:12:18Z,483,1,1245,1,1,0,1,1,0,0,NA,Amazon,Other,Weekdays,5,5,134,1,0,1,1,0,1,2 days ago,2,send text /email,5,4,4,3,5,5,4,4,4,5,5,3,5,5,4,5,5,4,4,4,5,4,4,5,4,3,8,9,8,10,9,10,10,9,5,4,5,1,32,1,3,NA,1,2,3,NA
2020-05-06T08:12:24Z,243,1,1,1,0,0,0,0,0,0,NA,Google,Smartphone,All days,3,1,345,0,0,1,1,1,1,3 days ago,5,check weather/news,2,4,3,2,2,1,1,4,2,3,2,3,4,5,5,4,4,5,5,4,4,4,3,4,3,3,8,8,8,7,8,6,7,8,4,4,4,1,30,1,3,NA,1,1,2,NA
2020-05-06T08:12:25Z,224,1,1,1,0,0,0,0,0,0,NA,Google,Smartphone,Weekdays,1,8,5,0,0,0,0,1,1,Yesterday,2,check weather/news,20,4,5,5,5,4,4,4,4,5,5,4,5,4,4,5,5,5,5,5,4,4,1,5,5,3,8,9,8,9,10,9,9,10,4,5,4,1,35,1,3,NA,1,2,3,NA
2020-05-06T08:12:27Z,837,1,1235,1,1,1,0,1,0,0,NA,Google,Smart Speaker,All days,7,5,145,1,0,0,1,1,1,2 days ago,3,send text /email,2,3,3,3,2,3,2,2,2,2,2,3,3,5,5,5,4,4,5,4,4,2,3,3,3,3,8,8,7,8,8,9,8,8,4,4,4,1,36,1,2,NA,1,1,2,NA
2020-05-06T08:12:36Z,180,1,2,0,1,0,0,0,0,0,NA,Amazon,Smartphone,Weekend,2,2,23,0,1,1,0,0,1,Yesterday,3,play music,10,5,4,2,4,5,3,3,4,4,5,3,5,2,4,3,3,4,5,3,5,4,3,3,3,2,9,7,8,10,9,8,9,8,4,5,3,1,25,1,3,NA,1,2,1,NA
2020-05-06T08:12:39Z,890,1,23,0,1,1,0,0,0,0,NA,Apple,Smartphone,Weekdays,2,1,3,0,0,1,0,0,1,7 days ago,5,send text /email,2,3,1,2,2,3,1,1,2,3,2,3,2,4,4,4,4,5,5,5,5,4,3,4,4,3,8,9,8,6,6,6,6,6,4,4,4,1,24,1,3,NA,1,1,3,NA
2020-05-06T08:12:41Z,908,1,3,0,0,1,0,0,0,0,NA,Apple,Smartphone,All days,7,2,24,0,1,0,1,0,1,Today,10,check weather/news,1,4,4,1,1,1,1,2,1,4,1,4,5,4,4,4,4,4,4,4,4,4,4,5,4,3,9,9,9,7,7,6,6,6,4,4,4,1,28,1,2,NA,1,1,2,NA
2020-05-06T08:12:41Z,227,1,23,0,1,1,0,0,0,0,NA,Amazon,Smart Speaker,All days,7,7,12345,1,1,1,1,1,1,> 7 days ago,2,play music,60,5,4,4,5,5,3,5,3,3,4,5,4,4,4,5,5,5,3,5,4,4,5,5,4,3,8,9,9,9,8,10,9,8,5,3,4,1,50,1,3,NA,1,2,4,NA
2020-05-06T08:12:43Z,293,1,2,0,1,0,0,0,0,0,NA,Amazon,Smart Speaker,Weekdays,3,2,2,0,1,0,0,0,1,2 days ago,5,play music,8,5,4,5,4,5,4,4,4,5,4,5,4,4,5,4,4,5,4,2,1,2,3,1,2,3,8,9,9,9,9,10,9,9,4,5,5,1,30,1,4,NA,1,2,2,NA
2020-05-06T08:12:47Z,308,1,1234,1,1,1,1,0,0,0,NA,Google,Smartphone,All days,7,5,12345,1,1,1,1,1,1,Yesterday,10,check weather/news,15,3,5,4,5,5,3,3,4,5,3,4,4,4,3,3,5,4,4,5,5,5,4,5,4,3,8,9,8,8,9,10,9,10,3,5,5,1,28,1,3,NA,1,2,3,NA
2020-05-06T08:12:49Z,497,1,2,0,1,0,0,0,0,0,NA,Amazon,Smart Speaker,Weekdays,4,2,2,0,1,0,0,0,1,2 days ago,3,send text /email,50,4,4,4,5,5,5,4,4,5,5,4,4,4,4,4,3,5,4,4,4,5,4,4,4,3,8,9,9,9,9,10,10,9,5,4,4,1,28,1,3,NA,1,2,2,NA
2020-05-06T08:12:51Z,348,1,24,0,1,0,1,0,0,0,NA,Amazon,Smartphone,Weekdays,3,7,1,1,0,0,0,0,1,2 days ago,2,check weather/news,20,5,4,5,5,5,5,5,4,4,5,5,5,4,4,5,5,5,5,4,4,4,4,4,4,3,7,8,8,9,9,9,9,9,3,4,4,2,42,1,3,NA,2,2,2,NA
2020-05-06T08:13:04Z,375,1,12,1,1,0,0,0,0,0,NA,Google,Smartphone,Weekdays,5,5,1,1,0,0,0,0,1,2 days ago,9,check traffic /navigation,1,3,3,1,1,3,1,1,1,1,1,1,1,3,3,3,3,5,5,4,4,4,3,3,3,3,7,8,7,8,8,8,8,8,3,3,3,1,38,1,2,NA,3,1,4,NA
2020-05-06T08:13:04Z,404,1,12345,1,1,1,1,1,0,0,NA,Google,Smartphone,All days,7,10,34,0,0,1,1,0,1,4 days ago,3,check weather/news,30,3,4,4,5,5,3,3,4,5,5,4,3,4,5,4,3,5,4,5,4,4,5,4,5,3,8,9,8,8,10,9,10,9,4,5,4,1,30,1,3,NA,1,2,3,NA
2020-05-06T08:13:07Z,255,1,2,0,1,0,0,0,0,0,NA,Amazon,Smartphone,Weekdays,7,5,45,0,0,0,1,1,1,7 days ago,9,play music,20,4,4,4,4,4,4,4,4,4,4,4,4,4,4,4,4,4,4,4,4,4,2,4,4,3,8,8,8,9,9,9,9,9,4,4,4,1,36,1,3,NA,1,2,2,NA
2020-05-06T08:13:09Z,889,1,1345,1,0,1,1,1,0,0,NA,Microsoft,Other,Weekdays,3,3,1,1,0,0,0,0,1,3 days ago,3,add items to a shopping list,15,4,3,2,2,2,2,3,2,3,2,4,3,4,4,4,4,4,3,4,4,4,3,3,3,3,8,7,8,9,8,7,7,8,4,3,3,2,45,1,2,NA,1,2,3,NA
2020-05-06T08:13:09Z,877,1,5,0,0,0,0,1,0,0,NA,Samsung,Smartphone,All days,5,6,123,1,1,1,0,0,1,3 days ago,5,check weather/news,2,4,3,3,1,1,1,2,1,4,1,4,3,5,5,5,4,4,5,4,4,4,3,4,3,3,9,9,8,6,6,6,6,6,4,5,4,2,29,1,6,Associates degree,1,1,3,NA
2020-05-06T08:13:14Z,524,1,234,0,1,1,1,0,0,0,NA,Amazon,Smart Speaker,All days,7,7,134,1,0,1,1,0,1,2 days ago,10,add items to a shopping list,10,5,4,3,2,3,1,2,3,4,1,4,3,5,4,4,4,5,5,4,4,4,4,3,3,3,8,8,8,7,8,8,7,9,4,4,4,1,45,1,3,NA,1,2,4,NA
2020-05-06T08:13:23Z,188,1,12345,1,1,1,1,1,0,0,NA,Amazon,Smart Speaker,Weekdays,3,23,3,0,0,1,0,0,1,3 days ago,5,send text /email,25,5,4,4,4,5,4,3,4,5,4,4,4,3,4,4,4,5,3,4,5,5,4,5,3,2,8,9,8,9,8,9,9,9,4,3,4,1,38,1,3,NA,1,1,3,NA
2020-05-06T08:13:25Z,238,1,12,1,1,0,0,0,0,0,NA,Amazon,Smartphone,Weekend,7,7,5,0,0,0,0,1,1,> 7 days ago,10,play music,6,4,5,4,5,5,4,4,5,5,4,5,4,5,5,5,4,5,4,5,5,5,4,4,5,3,9,8,9,10,9,10,10,10,4,5,4,1,27,1,3,NA,2,1,1,NA
2020-05-06T08:13:30Z,225,1,3,0,0,1,0,0,0,0,NA,Apple,Smartphone,Weekdays,5,1,4,0,0,0,1,0,1,5 days ago,3,other,3,4,4,2,2,2,2,4,2,4,2,4,4,5,5,5,5,4,5,4,4,4,4,4,4,3,9,9,8,7,7,7,7,7,4,4,4,2,44,1,3,NA,1,2,3,NA
2020-05-06T08:13:38Z,272,1,1234,1,1,1,1,0,0,0,NA,Amazon,Smart Speaker,Weekend,1,1,1,1,0,0,0,0,1,> 7 days ago,2,buy/order something,2,4,3,1,1,1,1,4,1,4,1,5,5,5,5,3,4,3,5,4,4,3,4,4,3,3,8,9,7,8,8,8,8,7,4,5,4,1,35,1,3,NA,1,1,2,NA
2020-05-06T08:13:42Z,896,1,1,1,0,0,0,0,0,0,NA,Google,Smartphone,Weekdays,5,4,1235,1,1,1,0,1,1,Today,3,check weather/news,5,4,4,2,2,2,2,4,2,4,2,4,4,4,4,4,4,2,4,4,4,4,4,4,4,3,8,9,8,7,7,7,7,8,4,4,5,1,44,1,3,NA,7,2,1,NA
2020-05-06T08:13:47Z,324,1,1235,1,1,1,0,1,0,0,NA,Google,Smartphone,Weekdays,3,5,1345,1,0,1,1,1,1,3 days ago,3,play music,8,5,4,4,5,5,4,5,4,4,5,4,4,4,4,5,5,5,4,4,4,5,2,4,5,3,8,9,9,9,10,9,9,10,4,3,5,2,37,1,3,NA,1,2,2,NA
2020-05-06T08:13:47Z,316,1,125,1,1,0,0,1,0,0,NA,Google,Smartphone,All days,7,10,12345,1,1,1,1,1,1,7 days ago,5,send text /email,7,5,4,1,1,1,1,5,1,5,1,5,5,5,5,5,5,5,5,4,5,4,5,5,5,3,9,9,9,9,10,8,9,10,4,4,4,2,57,1,3,NA,1,2,5,NA
2020-05-06T08:13:59Z,234,1,123,1,1,1,0,0,0,0,NA,Amazon,Smartphone,Weekend,1,48,12345,1,1,1,1,1,1,Yesterday,3,play music,NA,5,4,4,4,3,5,4,3,4,4,3,5,4,5,3,5,5,4,4,4,3,4,3,4,3,9,7,8,9,9,10,9,8,4,3,5,2,47,1,3,NA,1,2,3,NA
2020-05-06T08:14:01Z,153,1,1,1,0,0,0,0,0,0,NA,Google,Smart Speaker,Weekend,3,2,34,0,0,1,1,0,1,2 days ago,3,play music,20,4,3,5,4,5,5,5,4,5,5,4,3,3,4,5,5,3,4,5,4,5,5,4,4,3,7,8,9,8,9,10,9,8,4,4,5,2,35,1,4,NA,1,2,2,NA
2020-05-06T08:14:04Z,929,1,13,1,0,1,0,0,0,0,NA,Google,Smartphone,All days,7,3,124,1,1,0,1,0,1,4 days ago,10,other,2,5,4,1,2,2,1,4,2,5,1,5,5,5,5,5,5,5,5,4,4,4,4,4,4,3,9,9,9,7,7,7,7,7,5,5,5,1,25,1,3,NA,3,2,2,NA
2020-05-06T08:14:20Z,464,1,12,1,1,0,0,0,0,0,NA,Google,Smartphone,All days,5,4,4,0,0,0,1,0,1,Yesterday,2,check weather/news,60,1,4,3,2,2,4,4,5,5,5,3,4,5,5,5,5,5,4,4,3,4,4,4,4,3,9,9,9,10,9,10,9,8,5,4,3,2,45,1,3,NA,2,2,2,NA
2020-05-06T08:14:21Z,565,1,1236,1,1,1,0,0,1,0,MTRUCK,Amazon,Smart Speaker,Weekdays,1,3,3,0,0,1,0,0,1,Today,5,check weather/news,5,4,4,3,3,1,3,4,2,4,5,3,3,3,2,2,4,3,4,2,3,3,3,1,1,3,7,8,9,8,9,9,7,9,4,3,5,1,30,1,3,NA,1,2,2,NA
2020-05-06T08:14:28Z,644,1,135,1,0,1,0,1,0,0,NA,Apple,Smartphone,All days,4,2,235,0,1,1,0,1,1,6 days ago,3,make a reservation,4,4,3,1,1,1,2,3,1,4,1,5,4,5,5,5,4,4,4,5,5,5,4,4,3,3,8,9,9,6,6,6,6,6,4,4,5,2,25,1,3,NA,1,1,3,NA
2020-05-06T08:14:30Z,501,1,234,0,1,1,1,0,0,0,NA,Apple,Smartphone,All days,4,4,145,1,0,0,1,1,1,3 days ago,3,send text /email,3,5,3,1,1,1,1,1,1,4,1,5,4,4,5,4,4,5,5,5,5,5,4,5,4,3,9,9,9,6,6,6,6,6,5,5,5,2,23,1,3,NA,1,3,3,NA
2020-05-06T08:14:31Z,378,1,1234,1,1,1,1,0,0,0,NA,Google,Smartphone,All days,5,6,134,1,0,1,1,0,1,Yesterday,9,add items to a shopping list,10,4,4,1,1,1,1,4,1,5,1,4,4,4,4,4,4,5,5,4,5,5,5,4,5,3,8,9,8,8,8,8,8,8,4,4,5,1,34,1,3,NA,1,2,3,NA
2020-05-06T08:14:46Z,808,1,1,1,0,0,0,0,0,0,NA,Google,Smartphone,Weekdays,5,5,1,1,0,0,0,0,1,5 days ago,3,make a reservation,2,2,5,3,1,3,4,3,4,5,1,4,3,5,4,1,4,2,4,4,4,4,2,4,4,3,8,8,6,6,7,8,9,8,4,4,3,1,28,1,3,NA,1,1,3,NA
2020-05-06T08:14:50Z,696,1,35,0,0,1,0,1,0,0,NA,Samsung,Smartphone,All days,6,4,145,1,0,0,1,1,1,Today,9,send text /email,2,5,4,1,1,1,1,3,1,4,1,4,3,5,4,1,1,1,5,5,5,5,5,4,4,3,9,8,1,6,6,6,6,10,5,5,5,2,25,1,3,NA,1,1,3,NA
2020-05-06T08:14:52Z,188,1,2,0,1,0,0,0,0,0,NA,Amazon,Smart Speaker,All days,7,8,1234,1,1,1,1,0,1,4 days ago,3,check weather/news,3,4,3,2,4,3,3,3,4,3,2,2,3,4,3,4,4,3,3,4,4,4,4,4,3,3,7,6,6,8,8,7,8,7,3,4,3,1,35,1,3,NA,1,2,2,NA
2020-05-06T08:14:53Z,700,1,4,0,0,0,1,0,0,0,NA,Microsoft,Smartphone,Weekdays,1,4,2,0,1,0,0,0,1,Yesterday,3,play music,2,4,4,4,5,5,4,4,4,5,4,5,4,5,4,5,4,4,4,1,1,1,1,1,1,3,8,9,8,9,10,9,9,10,4,5,4,2,26,1,3,NA,1,1,2,NA
2020-05-06T08:14:53Z,568,1,12,1,1,0,0,0,0,0,NA,Google,Smartphone,All days,4,0,12,1,1,0,0,0,1,2 days ago,3,set timer,1,4,4,1,1,2,4,4,1,4,2,4,4,4,4,4,4,3,3,4,5,5,5,5,5,3,8,8,7,8,9,10,9,8,3,4,3,1,33,1,3,NA,1,2,2,NA
2020-05-06T08:15:34Z,496,1,1,1,0,0,0,0,0,0,NA,Google,Smart Speaker,Weekend,4,1,2,0,1,0,0,0,1,Yesterday,3,check weather/news,10,5,3,4,4,3,4,4,4,4,4,4,4,4,4,4,4,5,5,5,5,5,2,4,4,3,8,8,9,8,8,8,9,9,3,4,4,1,32,1,3,NA,1,2,1,NA
2020-05-06T08:15:36Z,227,1,12345,1,1,1,1,1,0,0,NA,Amazon,Smartphone,Weekend,6,6,2,0,1,0,0,0,1,3 days ago,9,send text /email,10,3,2,3,3,3,4,2,3,3,3,3,2,2,2,4,4,4,3,2,1,3,4,4,4,3,8,7,7,8,9,8,8,8,4,4,4,1,58,1,3,NA,1,2,2,NA
2020-05-06T08:15:37Z,227,1,23,0,1,1,0,0,0,0,NA,Apple,Smartphone,Weekend,3,1,34,0,0,1,1,0,1,Yesterday,9,play music,1,3,4,1,2,4,2,3,1,4,1,5,5,4,5,4,4,3,5,4,5,4,5,4,4,3,9,8,9,7,9,9,8,10,4,4,5,1,25,1,3,NA,1,3,4,NA
2020-05-06T08:15:38Z,186,1,123,1,1,1,0,0,0,0,NA,Google,Smart Speaker,All days,7,60,1245,1,1,0,1,1,1,Yesterday,2,play music,50,4,4,4,4,5,4,5,4,4,4,5,5,4,5,4,3,4,5,4,4,5,5,4,5,3,9,9,8,8,10,9,10,10,4,4,3,1,32,1,3,NA,1,2,3,NA
2020-05-06T08:15:47Z,445,1,3,0,0,1,0,0,0,0,NA,Apple,Smartphone,All days,3,2,34,0,0,1,1,0,1,> 7 days ago,3,play music,5,1,1,1,1,1,1,1,1,4,1,4,4,4,4,4,4,4,4,4,4,4,4,5,4,3,8,8,8,9,9,9,9,9,5,5,5,1,61,1,2,NA,1,2,3,NA
2020-05-06T08:15:49Z,322,1,23,0,1,1,0,0,0,0,NA,Apple,Smartphone,All days,7,6,12345,1,1,1,1,1,1,2 days ago,9,play music,0.5,4,4,2,1,2,1,4,2,4,2,4,4,4,4,4,5,5,4,5,5,5,5,4,4,3,8,9,8,9,9,9,9,9,5,5,4,1,51,1,5,NA,1,2,3,NA
2020-05-06T08:16:08Z,513,1,2,0,1,0,0,0,0,0,NA,Amazon,Smart Speaker,Weekdays,3,4,2,0,1,0,0,0,1,3 days ago,3,check traffic /navigation,35,4,2,4,4,5,5,5,4,4,4,4,5,5,4,4,4,5,5,4,4,4,3,4,4,2,8,9,8,9,10,9,10,9,4,5,4,2,35,1,4,NA,1,2,3,NA
2020-05-06T08:16:20Z,216,1,235,0,1,1,0,1,0,0,NA,Amazon,Smart Speaker,All days,7,25,1234,1,1,1,1,0,1,4 days ago,5,buy/order something,3,5,5,1,1,1,1,2,1,5,1,5,4,5,5,5,5,5,5,5,5,5,4,4,5,3,9,9,9,7,7,7,7,7,5,5,5,1,36,1,4,NA,1,2,5,NA
2020-05-06T08:16:20Z,594,1,5,0,0,0,0,1,0,0,NA,Samsung,Smartphone,All days,7,3,3,0,0,1,0,0,1,4 days ago,3,send text /email,30,4,5,4,5,4,3,5,5,4,3,4,4,5,3,4,5,3,3,5,4,4,5,4,5,3,7,8,9,9,10,9,9,10,4,5,5,1,29,1,4,NA,1,2,4,NA
2020-05-06T08:16:33Z,205,1,12,1,1,0,0,0,0,0,NA,Amazon,Smart Speaker,All days,7,3,145,1,0,0,1,1,1,Yesterday,3,check weather/news,5,4,2,3,1,1,3,3,1,3,2,3,4,5,5,5,5,5,5,4,4,4,3,4,3,3,8,8,8,7,7,8,7,7,4,4,4,1,36,1,3,NA,1,1,3,NA
2020-05-06T08:16:36Z,152,1,1,1,0,0,0,0,0,0,NA,Google,Smart Speaker,Weekend,2,10,1,1,0,0,0,0,1,3 days ago,5,add items to a shopping list,10,5,1,4,4,4,5,4,3,4,4,5,4,4,4,3,3,3,4,4,2,2,5,3,4,2,8,7,7,10,9,8,9,9,4,5,4,1,54,1,3,NA,1,2,3,NA
2020-05-06T08:17:09Z,607,1,12345,1,1,1,1,1,0,0,NA,Google,Other,All days,1,11,145,1,0,0,1,1,1,Yesterday,2,check weather/news,3,5,4,4,4,5,5,5,4,5,5,4,4,4,4,5,5,4,5,1,2,1,1,1,2,2,9,8,9,10,9,10,10,9,5,4,5,1,50,1,3,NA,1,2,3,NA
2020-05-06T08:17:24Z,116,1,4,0,0,0,1,0,0,0,NA,Microsoft,Smartphone,Weekend,5,5,3,0,0,1,0,0,1,> 7 days ago,5,make a reservation,30,5,4,5,4,4,4,5,5,4,4,4,5,5,4,4,5,5,4,4,5,5,4,5,5,3,8,9,8,9,10,9,10,9,4,5,4,2,30,1,4,NA,1,2,3,NA
2020-05-06T08:17:34Z,212,1,2,0,1,0,0,0,0,0,NA,Amazon,Smart Speaker,Weekdays,1,3,1,1,0,0,0,0,1,Yesterday,3,play music,5,5,5,5,5,5,5,5,5,5,5,5,5,5,5,5,5,5,5,5,2,2,1,4,5,3,9,9,9,10,10,10,10,10,5,5,5,2,32,1,3,NA,2,2,2,NA
2020-05-06T08:18:00Z,423,1,2,0,1,0,0,0,0,0,NA,Amazon,Smart Speaker,Weekdays,2,1,2,0,1,0,0,0,1,2 days ago,5,set timer,30,3,3,4,4,5,4,4,4,4,3,5,3,3,3,5,4,4,4,2,3,3,2,4,4,2,7,8,9,8,9,10,8,9,3,4,4,1,30,1,4,NA,1,2,3,NA
2020-05-06T08:18:04Z,193,1,13,1,0,1,0,0,0,0,NA,Apple,Smartphone,Weekend,3,4,34,0,0,1,1,0,1,> 7 days ago,3,set timer,2,3,4,3,3,3,3,3,3,3,3,3,4,3,3,4,3,3,4,3,3,3,3,3,3,3,7,7,7,8,8,8,8,8,3,3,3,2,23,1,3,NA,5,1,2,NA
2020-05-06T08:18:16Z,225,1,123,1,1,1,0,0,0,0,NA,Amazon,Smart Speaker,Weekend,5,2,1245,1,1,0,1,1,1,2 days ago,3,play music,120,4,5,3,4,4,3,4,3,4,2,3,4,4,3,3,2,4,4,4,2,4,3,4,4,3,8,7,9,8,7,9,8,8,4,5,4,1,57,1,3,NA,1,2,3,NA
2020-05-06T08:19:15Z,196,1,1,1,0,0,0,0,0,0,NA,Google,Other,Weekend,2,2,2,0,1,0,0,0,1,2 days ago,5,check traffic /navigation,10,4,5,4,4,4,3,5,5,4,3,4,4,4,4,5,3,4,4,5,4,3,4,4,4,3,8,9,8,9,8,9,9,10,4,4,5,1,30,1,3,NA,1,2,3,NA
2020-05-06T08:19:56Z,264,1,1,1,0,0,0,0,0,0,NA,Google,Smartphone,Weekend,2,2,234,0,1,1,1,0,1,4 days ago,3,buy/order something,3,1,1,2,1,1,1,1,1,1,1,1,2,4,4,4,3,4,4,4,4,4,3,3,3,3,8,8,7,7,7,6,7,7,4,3,4,1,33,1,3,NA,1,3,2,NA
2020-05-06T08:20:00Z,327,1,1,1,0,0,0,0,0,0,NA,Google,Smartphone,Weekend,2,4,15,1,0,0,0,1,1,2 days ago,3,play music,10,5,4,4,5,4,4,5,4,4,5,4,5,5,4,5,5,4,4,4,4,4,4,4,4,2,9,8,9,9,9,10,10,9,5,5,5,2,46,1,3,NA,2,2,3,NA
2020-05-06T08:20:00Z,258,1,1,1,0,0,0,0,0,0,NA,Google,Smartphone,Weekdays,2,4,1,1,0,0,0,0,1,Yesterday,3,check weather/news,5,5,5,5,4,5,5,2,5,5,5,5,4,5,5,5,5,5,5,5,1,2,4,1,2,3,9,8,9,10,9,10,10,10,5,5,5,2,32,1,3,NA,2,2,2,NA
2020-05-06T08:20:37Z,245,1,134,1,0,1,1,0,0,0,NA,Google,Smartphone,All days,3,2,245,0,1,0,1,1,1,> 7 days ago,5,send text /email,2,2,2,4,4,4,4,2,4,2,3,3,3,3,3,3,3,3,4,3,2,3,3,4,3,3,6,7,6,7,7,7,8,7,2,3,3,1,49,1,3,NA,1,3,3,NA
2020-05-06T08:20:47Z,168,1,12,1,1,0,0,0,0,0,NA,Google,Smartphone,Weekdays,4,35,245,0,1,0,1,1,1,4 days ago,5,send text /email,15,4,3,4,5,5,5,5,5,5,4,4,4,5,4,4,5,5,5,3,2,4,4,4,5,3,8,7,9,9,9,10,9,10,5,4,4,1,30,1,4,NA,1,2,2,NA
2020-05-06T08:20:50Z,376,1,14,1,0,0,1,0,0,0,NA,Google,Smartphone,All days,5,15,124,1,1,0,1,0,1,Today,3,play music,20,5,3,3,4,4,5,2,5,3,4,5,5,5,3,3,4,5,5,3,4,1,3,4,2,3,9,6,7,9,8,9,9,10,3,4,3,1,45,1,3,NA,1,2,3,NA
2020-05-06T08:21:29Z,224,1,2,0,1,0,0,0,0,0,NA,Amazon,Smart Speaker,Weekdays,6,3,3,0,0,1,0,0,1,3 days ago,3,buy/order something,5,3,1,3,2,3,2,2,3,2,2,2,2,3,3,3,3,4,4,4,4,4,3,3,3,3,8,7,7,8,8,8,7,7,4,4,4,2,34,1,3,NA,1,2,2,NA
2020-05-06T08:21:30Z,611,1,1,1,0,0,0,0,0,0,NA,Google,Smart Speaker,Weekdays,2,0,2,0,1,0,0,0,1,3 days ago,3,play music,30,5,4,5,4,4,5,4,5,4,4,5,4,4,5,4,5,5,4,4,4,5,4,4,5,3,8,9,8,10,9,10,9,10,4,4,5,1,30,1,3,NA,1,2,2,NA
2020-05-06T08:21:50Z,1351,1,2,0,1,0,0,0,0,0,NA,Amazon,Smart Speaker,All days,7,20,1345,1,0,1,1,1,1,> 7 days ago,2,buy/order something,1,4,3,1,1,2,3,3,1,4,2,5,4,3,3,4,4,5,5,4,4,4,3,4,3,3,8,9,7,8,8,8,7,8,4,4,4,1,44,1,2,NA,1,1,3,NA
2020-05-06T08:21:53Z,718,1,125,1,1,0,0,1,0,0,NA,Google,Smartphone,Weekdays,5,5,14,1,0,0,1,0,1,2 days ago,5,send text /email,60,3,4,5,5,4,4,4,4,4,5,3,3,4,5,4,5,4,5,5,4,5,4,5,4,3,8,9,8,10,8,9,8,9,3,4,5,1,36,1,3,NA,1,2,2,NA
2020-05-06T08:21:59Z,400,1,1,1,0,0,0,0,0,0,NA,Google,Smart Speaker,Weekend,4,1,15,1,0,0,0,1,1,2 days ago,5,play music,30,3,3,3,3,3,3,3,3,3,3,3,3,3,3,3,3,3,3,3,3,3,3,4,3,2,7,7,7,8,8,8,8,8,3,3,3,1,25,1,3,NA,1,1,2,NA
2020-05-06T08:22:04Z,387,1,2,0,1,0,0,0,0,0,NA,Amazon,Other,Weekend,6,4,12345,1,1,1,1,1,1,Today,3,play music,30,3,4,2,5,4,5,4,4,2,3,5,3,5,4,4,5,3,5,5,5,5,2,4,3,3,8,9,8,9,9,8,9,10,5,5,5,1,32,1,3,NA,1,2,3,NA
2020-05-06T08:22:08Z,215,1,2,0,1,0,0,0,0,0,NA,Amazon,Smart Speaker,Weekdays,1,3,1,1,0,0,0,0,1,Yesterday,3,play music,5,5,5,5,5,5,5,5,5,5,5,5,5,5,5,5,5,5,5,5,2,2,1,4,5,3,9,9,9,10,10,10,10,10,5,5,5,2,32,1,3,NA,2,2,2,NA
2020-05-06T08:22:28Z,209,1,2,0,1,0,0,0,0,0,NA,Amazon,Smart Speaker,Weekend,3,1,2,0,1,0,0,0,1,2 days ago,9,add items to a shopping list,30,4,4,5,5,5,4,4,4,5,5,4,5,4,4,5,5,5,4,2,3,3,4,3,3,3,8,9,8,10,9,10,9,10,4,5,4,1,30,1,4,NA,1,2,3,NA
2020-05-06T08:22:37Z,312,1,23,0,1,1,0,0,0,0,NA,Amazon,Smart Speaker,Weekdays,4,5,134,1,0,1,1,0,1,2 days ago,5,buy/order something,7,4,3,2,2,2,2,2,2,3,2,4,2,4,4,4,4,4,4,4,4,4,3,4,4,3,9,9,6,7,7,7,7,7,4,4,4,2,21,1,2,NA,1,2,3,NA
2020-05-06T08:22:45Z,234,1,1,1,0,0,0,0,0,0,NA,Google,Smartphone,Weekdays,1,9,1,1,0,0,0,0,1,Yesterday,2,check weather/news,10,4,3,4,4,3,4,5,4,3,4,3,5,5,4,4,4,4,5,1,2,1,2,4,4,2,8,7,8,9,10,9,9,10,4,5,4,1,30,1,3,NA,1,2,3,NA
2020-05-06T08:22:46Z,265,1,124,1,1,0,1,0,0,0,NA,Google,Smartphone,All days,6,15,135,1,0,1,0,1,1,Yesterday,3,play music,15,4,4,2,3,5,5,4,3,5,3,5,5,5,5,3,5,4,3,5,4,4,2,5,4,3,8,7,9,8,9,10,9,8,4,5,3,1,41,1,3,NA,1,2,3,NA
2020-05-06T08:22:53Z,567,1,1,1,0,0,0,0,0,0,NA,Google,Smartphone,All days,3,4,3,0,0,1,0,0,1,Yesterday,5,make a reservation,2,4,4,1,1,1,1,4,1,4,1,4,4,5,5,5,4,5,5,4,4,4,4,4,5,3,9,9,9,6,6,6,6,6,5,4,4,1,30,1,3,NA,1,3,3,NA
2020-05-06T08:23:08Z,237,1,34,0,0,1,1,0,0,0,NA,Apple,Smartphone,All days,7,3,3,0,0,1,0,0,1,4 days ago,5,check weather/news,2,4,4,1,1,1,1,3,2,3,2,4,3,4,4,5,5,5,4,4,4,4,3,4,4,3,9,9,9,7,7,7,7,7,4,4,4,1,23,1,3,NA,2,1,2,NA
2020-05-06T08:23:10Z,281,1,2,0,1,0,0,0,0,0,NA,Amazon,Smart Speaker,Weekdays,3,3,4,0,0,0,1,0,1,Yesterday,5,play music,45,3,5,4,3,4,4,3,4,3,4,4,5,4,4,3,3,5,4,4,5,4,5,4,5,3,8,7,8,9,8,9,10,9,4,3,5,1,34,1,4,NA,1,2,3,NA
2020-05-06T08:23:12Z,236,1,2,0,1,0,0,0,0,0,NA,Amazon,Smart Speaker,Weekdays,5,5,134,1,0,1,1,0,1,7 days ago,3,check weather/news,5,4,3,2,2,2,1,4,2,4,2,4,4,4,4,4,4,4,4,2,2,4,3,4,3,3,6,6,8,9,9,9,9,9,2,4,2,1,40,1,2,NA,2,1,1,NA
2020-05-06T08:23:22Z,311,1,12,1,1,0,0,0,0,0,NA,Amazon,Smart Speaker,All days,7,3,134,1,0,1,1,0,1,Today,10,check weather/news,1,5,5,1,1,1,1,3,2,4,2,3,4,5,5,4,5,5,5,5,5,5,4,4,4,3,9,9,8,6,6,6,6,6,4,5,5,2,58,1,6,some college no degree,1,2,3,NA
2020-05-06T08:23:25Z,311,1,1245,1,1,0,1,1,0,0,NA,Amazon,Smartphone,Weekdays,3,20,12345,1,1,1,1,1,1,3 days ago,5,add items to a shopping list,60,4,5,4,5,3,3,4,3,4,5,5,4,3,5,4,5,4,3,1,2,5,4,4,4,3,8,7,9,9,8,10,9,10,4,3,5,1,23,1,3,NA,1,1,3,NA
2020-05-06T08:23:37Z,898,1,3,0,0,1,0,0,0,0,NA,Apple,Smartphone,Weekdays,3,3,134,1,0,1,1,0,1,Yesterday,3,add items to a shopping list,15,3,2,4,4,4,5,3,4,5,3,4,5,3,5,3,4,4,4,3,1,4,3,4,4,2,8,9,8,9,10,9,8,9,3,4,5,1,29,1,3,NA,1,2,4,NA
2020-05-06T08:23:41Z,267,1,14,1,0,0,1,0,0,0,NA,Google,Smartphone,All days,3,1,13,1,0,1,0,0,1,3 days ago,2,check traffic /navigation,1,4,2,2,2,2,3,4,2,4,2,4,4,4,4,3,3,4,4,4,4,4,4,4,3,3,8,8,7,10,10,10,10,10,4,4,4,1,46,1,3,NA,1,2,3,NA
2020-05-06T08:23:43Z,340,1,2,0,1,0,0,0,0,0,NA,Amazon,Other,All days,7,12,12345,1,1,1,1,1,1,Today,10,other,1,3,1,3,3,3,5,1,3,1,1,1,1,1,1,1,1,1,4,4,4,4,3,3,3,3,6,6,1,8,8,8,8,8,4,3,4,1,48,1,4,NA,1,2,4,NA
2020-05-06T08:23:45Z,361,1,1,1,0,0,0,0,0,0,NA,Google,Smartphone,All days,6,10,2,0,1,0,0,0,1,3 days ago,2,check weather/news,55,4,5,4,4,4,5,4,4,4,4,5,5,4,5,5,4,4,5,5,5,5,4,5,1,3,8,9,8,9,10,9,9,9,5,4,4,1,51,1,3,NA,2,2,2,NA
2020-05-06T08:23:48Z,444,1,234,0,1,1,1,0,0,0,NA,Apple,Smartphone,All days,5,2,145,1,0,0,1,1,1,> 7 days ago,10,play music,4,4,3,2,2,1,3,2,2,4,2,4,4,3,3,3,4,4,3,4,4,4,4,3,3,3,8,8,7,9,9,9,7,9,4,4,4,2,37,1,4,NA,1,2,3,NA
2020-05-06T08:24:01Z,266,1,2,0,1,0,0,0,0,0,NA,Amazon,Other,Weekend,3,4,1,1,0,0,0,0,1,3 days ago,3,set timer,20,4,5,4,4,4,5,4,4,4,5,5,5,5,5,4,4,4,5,5,5,5,2,5,4,3,8,9,8,9,10,9,9,9,5,4,5,1,30,1,4,NA,1,2,2,NA
2020-05-06T08:24:04Z,248,1,12,1,1,0,0,0,0,0,NA,Google,Smartphone,Weekdays,2,52,235,0,1,1,0,1,1,3 days ago,3,check weather/news,20,5,4,5,4,5,5,4,5,5,5,4,4,5,5,4,4,4,5,3,1,2,4,1,1,2,8,9,8,10,9,10,9,10,4,5,4,1,30,1,3,NA,1,2,2,NA
2020-05-06T08:24:06Z,193,1,2,0,1,0,0,0,0,0,NA,Amazon,Smartphone,All days,4,3,5,0,0,0,0,1,1,4 days ago,5,play music,30,4,4,5,4,4,5,3,3,4,3,4,4,4,4,4,5,3,5,2,4,4,3,4,3,3,9,8,9,9,10,9,9,8,4,5,4,1,30,1,3,NA,1,2,2,NA
2020-05-06T08:24:44Z,347,1,1,1,0,0,0,0,0,0,NA,Google,Smartphone,Weekend,2,2,2,0,1,0,0,0,1,Yesterday,3,play music,45,4,3,4,2,3,5,5,4,4,4,5,3,5,4,3,4,3,5,4,4,4,3,4,4,2,7,8,9,9,10,9,8,10,4,5,4,1,27,1,3,NA,1,1,3,NA
2020-05-06T08:24:44Z,321,1,1,1,0,0,0,0,0,0,NA,Google,Smartphone,Weekdays,5,10,14,1,0,0,1,0,1,Yesterday,5,check weather/news,5,4,3,3,2,2,2,2,2,3,3,3,2,3,4,2,4,3,4,4,4,4,3,3,3,3,8,8,8,9,9,9,9,9,4,4,4,1,29,1,3,NA,1,1,2,NA
2020-05-06T08:24:50Z,260,1,2,0,1,0,0,0,0,0,NA,Amazon,Smart Speaker,All days,7,4,145,1,0,0,1,1,1,Today,10,play music,4,4,4,2,2,1,2,2,4,4,1,4,4,4,3,5,4,3,4,4,4,5,4,5,3,3,8,9,8,7,7,6,7,6,4,5,4,1,23,1,2,NA,1,3,2,NA
2020-05-06T08:24:52Z,267,1,23,0,1,1,0,0,0,0,NA,Apple,Smartphone,Weekdays,5,8,1234,1,1,1,1,0,1,3 days ago,5,buy/order something,10,3,2,3,1,2,1,1,2,2,1,4,4,4,4,4,4,3,5,4,5,3,4,4,3,3,7,6,7,8,9,8,8,10,4,5,5,2,47,1,3,NA,1,2,4,NA
2020-05-06T08:24:56Z,314,1,1,1,0,0,0,0,0,0,NA,Google,Smartphone,All days,6,10,12345,1,1,1,1,1,1,5 days ago,9,buy/order something,20,4,5,4,4,3,4,5,3,4,4,4,5,4,4,5,4,4,3,5,4,4,4,4,5,3,8,9,8,8,9,10,9,8,4,5,4,2,27,1,3,NA,1,2,2,NA
2020-05-06T08:24:56Z,290,1,1,1,0,0,0,0,0,0,NA,Google,Other,Weekdays,4,4,2,0,1,0,0,0,1,2 days ago,3,play music,5,5,5,4,4,5,4,5,4,5,4,5,4,4,4,4,5,5,5,1,2,2,2,4,4,3,8,8,8,9,10,9,9,10,4,5,4,1,35,1,4,NA,1,2,2,NA
2020-05-06T08:25:05Z,278,1,1,1,0,0,0,0,0,0,NA,Google,Smartphone,Weekend,1,1,5,0,0,0,0,1,1,3 days ago,2,play music,20,5,5,5,5,5,5,5,4,4,5,5,5,5,5,5,5,5,5,5,5,5,5,4,5,3,9,9,8,10,10,10,10,9,5,5,5,1,30,1,4,NA,1,2,3,NA
2020-05-06T08:25:17Z,248,1,1,1,0,0,0,0,0,0,NA,Google,Smartphone,Weekdays,1,5,1,1,0,0,0,0,1,Yesterday,2,check weather/news,5,4,5,5,5,5,5,5,5,4,4,5,5,4,5,5,5,4,5,1,2,1,4,1,2,3,9,9,8,10,10,10,10,9,5,5,5,2,32,1,3,NA,2,2,2,NA
2020-05-06T08:25:37Z,321,1,15,1,0,0,0,1,0,0,NA,Google,Smartphone,Weekend,3,4,45,0,0,0,1,1,1,Yesterday,2,play music,25,5,4,4,4,5,4,4,4,4,4,4,4,4,5,4,5,4,4,5,5,5,1,4,4,3,8,9,8,9,10,9,9,9,4,5,4,1,30,1,3,NA,1,2,3,NA
2020-05-06T08:25:45Z,280,1,2,0,1,0,0,0,0,0,NA,Amazon,Other,All days,7,10,145,1,0,0,1,1,1,Yesterday,9,make a reservation,20,4,5,5,3,4,4,5,4,5,1,5,4,4,4,4,3,5,5,4,5,5,4,5,5,3,9,9,9,8,10,9,10,8,5,4,5,1,30,1,4,NA,1,2,3,NA
2020-05-06T08:25:46Z,233,1,2,0,1,0,0,0,0,0,NA,Amazon,Smart Speaker,All days,7,5,345,0,0,1,1,1,1,2 days ago,5,buy/order something,2,4,4,1,2,2,2,3,2,4,2,4,3,4,5,5,4,5,5,4,4,4,4,4,4,3,9,9,9,7,7,9,7,9,4,5,5,1,31,1,2,NA,3,1,3,NA
2020-05-06T08:25:58Z,433,1,5,0,0,0,0,1,0,0,NA,Samsung,Smartphone,All days,7,10,134,1,0,1,1,0,1,> 7 days ago,5,play music,30,4,3,4,4,3,3,4,3,4,4,4,5,4,3,4,4,5,4,4,3,4,2,4,4,3,8,8,8,9,8,10,9,9,5,4,4,1,30,1,3,NA,1,2,2,NA
2020-05-06T08:26:26Z,192,1,12,1,1,0,0,0,0,0,NA,Google,Smartphone,Weekend,3,4,4,0,0,0,1,0,1,3 days ago,2,play music,30,3,4,5,4,3,2,5,3,5,4,3,2,3,2,4,4,5,3,2,4,3,3,4,4,3,8,7,9,9,7,8,8,9,5,3,4,1,32,1,3,NA,1,2,3,NA
2020-05-06T08:26:29Z,451,1,123,1,1,1,0,0,0,0,NA,Google,Smart Speaker,All days,7,5,1345,1,0,1,1,1,1,7 days ago,9,send text /email,5,2,4,4,3,2,5,1,3,4,1,4,2,4,5,4,4,4,5,5,5,5,3,4,4,3,9,9,9,7,7,8,7,8,5,5,5,1,26,1,3,NA,1,2,3,NA
2020-05-06T08:26:44Z,154,1,2,0,1,0,0,0,0,0,NA,Amazon,Smartphone,Weekdays,2,5,13,1,0,1,0,0,1,2 days ago,3,check weather/news,50,4,4,3,3,4,4,3,4,4,3,4,4,4,3,4,4,3,4,2,2,2,1,1,2,3,8,7,8,9,8,8,9,8,4,3,4,1,25,1,3,NA,1,1,3,NA
2020-05-06T08:27:11Z,527,1,2345,0,1,1,1,1,0,0,NA,Amazon,Smartphone,All days,7,2,3,0,0,1,0,0,1,Yesterday,3,play music,45,4,5,3,4,4,5,5,4,4,5,5,4,5,4,5,5,4,4,4,5,4,2,5,4,3,8,9,9,9,9,10,9,10,4,5,5,2,30,1,4,NA,1,2,3,NA
2020-05-06T08:27:18Z,291,1,3,0,0,1,0,0,0,0,NA,Apple,Smartphone,All days,4,3,13,1,0,1,0,0,1,3 days ago,9,check traffic /navigation,2,5,3,1,1,1,1,4,1,4,1,4,3,5,5,5,5,5,5,4,4,4,4,4,3,3,9,8,9,7,6,7,9,9,5,5,4,2,69,1,6,some college,7,1,2,NA
2020-05-06T08:27:22Z,218,1,1235,1,1,1,0,1,0,0,NA,Apple,Smartphone,Weekend,6,6,145,1,0,0,1,1,1,5 days ago,2,play music,50,3,4,4,4,4,3,3,4,4,5,4,3,4,4,4,4,3,3,4,4,4,4,4,4,3,7,8,8,8,9,9,8,9,3,4,4,1,35,1,4,NA,1,2,3,NA
2020-05-06T08:27:25Z,389,1,14,1,0,0,1,0,0,0,NA,Google,Smartphone,All days,7,40,14,1,0,0,1,0,1,Yesterday,9,play music,5,3,3,4,4,4,4,4,5,4,2,5,3,4,3,4,4,4,3,4,4,4,5,5,5,3,8,9,8,9,10,9,9,10,3,4,3,1,30,1,4,NA,1,2,3,NA
2020-05-06T08:27:34Z,568,1,1,1,0,0,0,0,0,0,NA,Google,Smartphone,Weekend,2,2,123,1,1,1,0,0,1,5 days ago,3,check weather/news,5,5,5,5,4,4,4,5,4,4,5,5,4,4,4,4,5,5,5,2,1,4,2,4,4,3,8,9,8,9,10,9,10,9,5,4,5,1,32,1,4,NA,1,2,2,NA
2020-05-06T08:28:01Z,423,1,12,1,1,0,0,0,0,0,NA,Google,Smartphone,Weekend,4,4,34,0,0,1,1,0,1,4 days ago,5,add items to a shopping list,7,5,4,2,2,4,1,4,2,5,2,4,4,5,5,5,4,4,5,5,5,4,4,4,4,3,8,9,8,9,7,7,7,7,4,5,5,1,26,1,2,NA,1,1,2,NA
2020-05-06T08:28:19Z,390,1,2,0,1,0,0,0,0,0,NA,Amazon,Smart Speaker,Weekend,7,8,145,1,0,0,1,1,1,Yesterday,9,check weather/news,3,2,4,4,1,3,3,4,2,1,1,5,1,4,2,3,2,1,1,4,4,4,3,3,3,3,7,7,7,10,6,9,6,6,1,2,4,1,35,1,3,NA,1,2,3,NA
2020-05-06T08:28:27Z,253,1,124,1,1,0,1,0,0,0,NA,Google,Smartphone,All days,5,10,24,0,1,0,1,0,1,Today,3,check weather/news,20,3,3,5,5,3,4,4,3,3,4,4,5,5,3,4,5,3,5,5,3,4,5,4,5,3,8,7,9,9,7,10,10,9,5,5,3,1,41,1,3,NA,1,2,3,NA
2020-05-06T08:28:34Z,240,1,12345,1,1,1,1,1,0,0,NA,Google,Smart Speaker,All days,7,4,1234,1,1,1,1,0,1,4 days ago,10,buy/order something,2,3,2,1,1,1,1,2,1,2,1,3,4,4,4,3,3,4,5,4,4,4,3,3,3,3,8,8,7,7,7,7,6,8,4,5,4,1,33,1,2,NA,1,2,3,NA
2020-05-06T08:28:49Z,615,1,1,1,0,0,0,0,0,0,NA,Google,Smartphone,All days,5,2,3,0,0,1,0,0,1,Yesterday,3,set timer,2,2,2,3,2,3,3,2,2,2,2,2,2,3,3,3,3,3,4,4,4,4,3,3,3,3,7,7,6,8,7,9,8,8,4,4,4,1,41,1,6,Associate degree,1,1,2,NA
2020-05-06T08:28:52Z,433,1,2,0,1,0,0,0,0,0,NA,Amazon,Smartphone,Weekend,4,5,3,0,0,1,0,0,1,4 days ago,5,play music,10,4,5,4,4,4,5,4,4,4,4,5,5,5,4,5,4,4,5,3,4,5,2,5,4,3,8,9,8,9,10,9,9,10,5,5,4,1,30,1,4,NA,1,2,3,NA
2020-05-06T08:28:58Z,218,1,1,1,0,0,0,0,0,0,NA,Google,Smartphone,Weekdays,1,17,1,1,0,0,0,0,1,Today,2,play music,NA,5,5,5,5,5,5,5,5,5,5,5,5,5,5,5,5,5,5,3,1,1,2,2,2,2,9,9,9,10,10,10,10,10,5,5,5,1,32,2,2,NA,2,2,NA,3
2020-05-06T08:29:07Z,509,1,34,0,0,1,1,0,0,0,NA,Apple,Smartphone,All days,2,1,34,0,0,1,1,0,1,> 7 days ago,3,other,5,3,3,1,1,1,1,4,1,4,1,5,4,4,4,3,4,4,5,5,5,5,4,4,4,3,9,9,9,8,8,8,8,8,5,5,5,2,41,1,2,NA,7,3,1,NA
2020-05-06T08:29:15Z,601,1,3,0,0,1,0,0,0,0,NA,Apple,Smart Speaker,All days,3,10,15,1,0,0,0,1,1,Yesterday,3,play music,30,4,3,4,4,4,5,3,5,4,4,3,4,5,3,5,4,3,4,5,4,3,5,4,5,3,7,8,9,6,8,7,10,10,5,2,3,1,28,1,3,NA,1,2,3,NA
2020-05-06T08:30:21Z,670,1,12,1,1,0,0,0,0,0,NA,Amazon,Smartphone,Weekdays,3,2,2,0,1,0,0,0,1,7 days ago,3,play music,10,4,4,4,2,2,4,3,2,4,2,4,4,4,3,4,4,4,2,4,4,4,4,4,4,3,9,9,9,7,7,7,6,6,4,5,4,2,26,1,3,NA,2,2,3,NA
2020-05-06T08:31:11Z,722,1,123,1,1,1,0,0,0,0,NA,Google,Smart Speaker,Weekdays,4,5,134,1,0,1,1,0,1,Yesterday,9,play music,15,4,5,4,4,5,4,5,5,5,4,4,4,4,4,5,5,5,4,4,5,4,4,4,5,3,8,9,9,9,10,9,9,10,4,5,4,1,33,1,3,NA,1,2,2,NA
2020-05-06T08:31:18Z,256,1,125,1,1,0,0,1,0,0,NA,Amazon,Other,Weekdays,2,5,34,0,0,1,1,0,1,2 days ago,3,play music,15,4,4,5,5,3,4,4,5,4,4,4,3,3,4,3,5,4,5,4,4,4,3,5,5,3,8,9,8,10,9,8,8,9,4,5,4,1,32,1,4,NA,1,2,2,NA
2020-05-06T08:31:28Z,614,1,14,1,0,0,1,0,0,0,NA,Google,Smartphone,All days,6,2,3,0,0,1,0,0,1,Yesterday,9,check weather/news,2,3,3,2,2,2,2,4,2,4,1,2,4,4,4,4,3,3,4,4,5,4,4,4,3,3,8,9,8,7,7,6,7,7,4,5,4,2,29,1,3,NA,1,1,2,NA
2020-05-06T08:31:28Z,307,1,1,1,0,0,0,0,0,0,NA,Google,Smart Speaker,All days,7,12,1,1,0,0,0,0,1,2 days ago,3,other,2,3,2,3,1,1,2,1,1,3,2,3,3,4,5,5,5,5,5,4,4,4,3,4,3,3,8,8,7,10,10,10,10,10,3,4,4,1,69,1,3,NA,6,1,3,NA
2020-05-06T08:31:35Z,309,1,2,0,1,0,0,0,0,0,NA,Amazon,Smartphone,Weekend,5,2,3,0,0,1,0,0,1,5 days ago,5,set timer,40,4,4,4,4,5,5,5,4,4,4,4,5,4,4,4,5,4,5,4,4,3,4,4,4,3,8,9,8,9,10,9,9,10,4,5,4,1,30,1,3,NA,1,2,3,NA
2020-05-06T08:31:42Z,240,1,2,0,1,0,0,0,0,0,NA,Amazon,Smart Speaker,Weekend,2,20,2,0,1,0,0,0,1,2 days ago,3,play music,6,2,4,3,3,2,4,3,4,5,4,2,3,4,3,2,2,3,4,4,3,2,3,2,2,3,8,7,9,8,7,9,8,9,3,4,2,1,22,1,3,NA,1,1,3,NA
2020-05-06T08:31:57Z,725,1,1,1,0,0,0,0,0,0,NA,Google,Smartphone,All days,3,11,1,1,0,0,0,0,1,5 days ago,2,send text /email,5,5,4,5,4,4,4,4,5,3,5,4,4,5,5,4,4,4,4,1,2,2,1,1,2,3,8,9,6,10,9,10,9,10,3,5,4,1,30,1,4,NA,1,1,2,NA
2020-05-06T08:32:17Z,395,1,2,0,1,0,0,0,0,0,NA,Amazon,Smart Speaker,Weekdays,1,3,3,0,0,1,0,0,1,3 days ago,3,play music,60,4,5,3,4,4,3,4,4,3,3,5,4,4,4,5,4,4,5,4,4,4,4,3,4,2,8,9,8,10,9,10,9,10,4,5,4,2,28,1,3,NA,1,1,3,NA
2020-05-06T08:32:47Z,142,1,1,1,0,0,0,0,0,0,NA,Google,Smartphone,Weekdays,1,19,1,1,0,0,0,0,1,Today,5,buy/order something,NA,5,5,5,5,5,5,5,5,5,5,5,5,5,5,5,5,5,5,1,1,1,1,1,2,2,9,9,9,10,10,10,10,10,5,5,5,1,32,1,1,NA,1,1,3,NA
2020-05-06T08:32:50Z,817,1,1,1,0,0,0,0,0,0,NA,Google,Smartphone,Weekdays,1,10,15,1,0,0,0,1,1,Yesterday,3,check weather/news,45,4,4,4,5,4,5,4,5,5,4,5,4,4,4,4,5,5,5,4,5,4,4,5,4,3,8,9,9,9,10,9,9,10,4,5,4,1,32,1,3,NA,1,2,2,NA
2020-05-06T08:33:38Z,465,1,2,0,1,0,0,0,0,0,NA,Amazon,Smartphone,Weekdays,5,3,2,0,1,0,0,0,1,5 days ago,5,check weather/news,5,4,5,1,3,2,4,4,2,5,2,4,5,4,4,4,5,4,4,4,4,4,4,4,4,3,9,9,8,7,7,7,7,7,4,4,4,1,24,1,3,NA,1,1,2,NA
2020-05-06T08:34:34Z,293,1,1,1,0,0,0,0,0,0,NA,Google,Smartphone,Weekdays,1,1,5,0,0,0,0,1,1,5 days ago,3,play music,30,3,2,4,4,4,3,5,4,3,3,4,4,3,4,3,3,4,4,4,4,4,4,3,3,3,6,8,8,9,7,7,6,7,4,5,2,1,36,1,3,NA,1,2,2,NA
2020-05-06T08:35:31Z,263,1,4,0,0,0,1,0,0,0,NA,Microsoft,Other,Weekdays,3,1,4,0,0,0,1,0,1,2 days ago,2,check weather/news,5,2,2,3,2,3,2,1,3,1,2,3,3,4,3,3,3,3,3,4,4,4,3,3,3,3,8,8,7,8,8,8,8,7,4,4,4,1,25,1,2,NA,1,1,2,NA
2020-05-06T08:35:32Z,324,1,1,1,0,0,0,0,0,0,NA,Google,Smartphone,Weekend,4,13,2,0,1,0,0,0,1,Yesterday,2,play music,NA,5,5,5,5,5,5,5,5,5,5,5,5,5,5,5,5,5,5,2,2,2,1,1,1,3,9,9,9,10,10,10,10,10,5,5,5,1,32,2,3,NA,2,1,NA,2
2020-05-06T08:35:52Z,507,1,34,0,0,1,1,0,0,0,NA,Apple,Smartphone,All days,4,6,145,1,0,0,1,1,1,2 days ago,2,check traffic /navigation,2,4,4,1,1,1,1,5,1,5,1,5,5,5,5,4,4,3,3,4,4,4,4,4,4,3,8,8,8,9,9,9,9,9,4,5,5,1,60,1,4,NA,2,1,3,NA
2020-05-06T08:36:00Z,783,1,3,0,0,1,0,0,0,0,NA,Apple,Smartphone,Weekdays,5,6,1,1,0,0,0,0,1,2 days ago,10,make a reservation,40,4,4,5,5,5,5,5,4,5,4,4,5,5,4,4,4,5,4,4,2,4,4,4,4,3,8,9,8,9,10,9,9,10,4,5,4,1,30,1,3,NA,1,2,3,NA
2020-05-06T08:36:09Z,190,1,12345,1,1,1,1,1,0,0,NA,Amazon,Smartphone,Weekdays,3,20,1234,1,1,1,1,0,1,5 days ago,3,buy/order something,60,3,3,5,4,5,4,5,5,3,4,4,4,4,4,3,5,3,4,5,4,4,4,3,4,3,8,7,9,9,10,8,9,10,4,3,5,1,23,1,3,NA,1,1,3,NA
2020-05-06T08:36:32Z,299,1,12,1,1,0,0,0,0,0,NA,Google,Smartphone,Weekdays,2,3,14,1,0,0,1,0,1,Yesterday,3,play music,60,5,4,5,4,4,5,5,5,4,5,4,5,4,5,5,4,5,4,5,5,4,4,5,5,3,9,8,9,9,10,9,10,10,5,4,5,1,30,1,4,NA,1,2,3,NA
2020-05-06T08:38:06Z,198,1,23,0,1,1,0,0,0,0,NA,Amazon,Other,All days,5,3,4,0,0,0,1,0,1,> 7 days ago,3,add items to a shopping list,5,1,4,1,1,2,3,2,1,4,1,4,4,5,5,5,4,4,4,4,4,5,4,4,3,3,8,8,7,7,7,8,7,7,4,4,4,2,34,1,3,NA,1,2,2,NA
2020-05-06T08:40:05Z,198,1,2,0,1,0,0,0,0,0,NA,Amazon,Other,Weekdays,3,9,1,1,0,0,0,0,1,3 days ago,3,play music,35,4,4,5,4,5,5,4,4,4,4,5,5,5,4,4,5,4,5,5,4,5,4,4,4,3,8,9,8,9,10,9,9,10,4,5,4,1,33,1,4,NA,1,2,3,NA
2020-05-06T08:40:44Z,175,1,25,0,1,0,0,1,0,0,NA,Amazon,Smart Speaker,Weekdays,4,5,2,0,1,0,0,0,1,4 days ago,3,send text /email,5,4,5,5,5,4,4,5,4,4,4,4,4,4,4,4,4,4,4,3,3,4,3,3,4,3,8,9,9,9,9,10,8,10,5,5,5,1,28,1,4,NA,1,1,3,NA
2020-05-06T08:41:49Z,280,1,1235,1,1,1,0,1,0,0,NA,Amazon,Smart Speaker,All days,7,10,135,1,0,1,0,1,1,Yesterday,10,check traffic /navigation,30,4,4,5,5,3,4,5,4,4,1,3,5,5,4,4,5,5,5,5,4,5,3,5,4,3,9,8,9,8,10,10,8,9,3,5,4,1,30,1,4,NA,1,2,3,NA
2020-05-06T08:43:14Z,585,1,3,0,0,1,0,0,0,0,NA,Apple,Other,Weekdays,3,4,24,0,1,0,1,0,1,2 days ago,3,set timer,6,5,3,5,3,4,4,3,4,5,4,4,4,5,5,4,4,4,3,4,5,4,4,4,4,2,8,7,9,9,8,10,9,8,4,3,5,1,30,1,3,NA,1,2,3,NA
2020-05-06T08:43:44Z,203,1,13,1,0,1,0,0,0,0,NA,Apple,Smartphone,All days,5,3,134,1,0,1,1,0,1,> 7 days ago,5,make a reservation,3,4,1,3,1,1,1,2,1,3,2,4,3,4,4,4,2,4,2,5,5,5,3,4,3,3,9,9,6,8,7,9,7,8,4,4,4,1,34,1,4,NA,1,2,4,NA
2020-05-06T08:44:39Z,414,1,2345,0,1,1,1,1,0,0,NA,Amazon,Smartphone,Weekend,5,15,1345,1,0,1,1,1,1,Today,2,check weather/news,10,5,5,4,5,4,4,5,4,5,4,4,5,4,4,4,5,5,5,3,3,4,4,4,3,1,9,8,9,10,9,10,9,10,5,4,5,2,58,1,3,NA,1,2,3,NA
2020-05-06T08:45:01Z,371,1,23,0,1,1,0,0,0,0,NA,Apple,Smartphone,All days,5,3,134,1,0,1,1,0,1,> 7 days ago,3,check traffic /navigation,3,4,3,3,1,2,2,3,2,3,1,4,4,5,4,3,5,4,5,5,4,4,3,4,3,3,9,8,8,8,8,9,8,8,4,4,4,1,35,1,3,NA,1,1,3,NA
2020-05-06T08:45:26Z,370,1,3,0,0,1,0,0,0,0,NA,Apple,Smartphone,Weekdays,3,3,1,1,0,0,0,0,1,4 days ago,3,set timer,30,5,4,5,5,4,3,4,5,5,5,4,5,5,5,4,5,4,5,1,2,2,1,1,2,3,9,8,9,10,9,10,10,9,5,5,5,1,34,1,4,NA,1,2,3,NA
2020-05-06T08:47:31Z,316,1,2,0,1,0,0,0,0,0,NA,Amazon,Smartphone,Weekend,3,60,3,0,0,1,0,0,1,2 days ago,5,set timer,60,4,5,4,4,4,5,4,4,5,4,5,4,4,4,4,5,5,5,4,4,4,3,4,4,3,8,9,8,9,9,10,9,9,4,5,4,1,30,1,3,NA,1,2,3,NA
2020-05-06T08:48:12Z,402,1,12,1,1,0,0,0,0,0,NA,Google,Smartphone,Weekend,2,2,13,1,0,1,0,0,1,Yesterday,5,set timer,30,4,5,4,3,4,3,4,3,5,3,4,4,4,3,4,5,3,4,4,4,4,3,4,4,3,8,7,7,9,8,9,9,8,4,4,3,1,41,1,3,NA,1,2,2,NA
2020-05-06T08:49:01Z,186,1,1235,1,1,1,0,1,0,0,NA,Google,Smart Speaker,All days,4,5,134,1,0,1,1,0,1,> 7 days ago,3,add items to a shopping list,3,4,3,1,2,1,2,4,1,4,1,4,4,4,4,4,4,4,4,4,4,4,3,3,3,3,9,9,9,6,6,6,6,6,5,5,5,1,36,1,5,NA,1,2,5,NA
2020-05-06T08:51:16Z,242,1,2,0,1,0,0,0,0,0,NA,Amazon,Smartphone,Weekend,4,4,3,0,0,1,0,0,1,2 days ago,9,set timer,60,3,3,4,5,4,3,4,3,4,2,2,3,5,4,4,3,3,3,4,3,4,4,4,3,2,8,7,9,9,8,8,9,10,4,2,3,1,32,1,3,NA,2,2,2,NA
2020-05-06T08:53:49Z,777,1,3,0,0,1,0,0,0,0,NA,Apple,Smartphone,All days,5,5,1234,1,1,1,1,0,1,2 days ago,5,buy/order something,2,5,5,2,1,5,2,5,4,5,1,5,5,5,5,5,5,5,5,5,5,5,4,4,5,3,9,9,9,8,9,8,7,9,4,5,5,2,30,1,4,NA,1,1,3,NA
2020-05-06T08:54:28Z,167,1,1,1,0,0,0,0,0,0,NA,Google,Smartphone,All days,5,7,3,0,0,1,0,0,1,5 days ago,5,play music,30,4,4,3,4,3,2,3,4,3,3,5,4,4,3,4,3,5,4,4,5,4,5,4,5,3,8,7,9,9,8,8,9,10,4,3,3,2,36,1,3,NA,1,2,2,NA
2020-05-06T08:54:33Z,237,1,1,1,0,0,0,0,0,0,NA,Google,Smartphone,Weekend,1,5,3,0,0,1,0,0,1,2 days ago,9,play music,50,3,2,5,4,3,4,4,4,3,5,4,3,4,5,4,4,4,3,4,4,4,3,3,4,2,7,8,9,8,9,10,8,9,4,3,4,2,25,1,3,NA,1,2,3,NA
2020-05-06T08:59:15Z,318,1,12,1,1,0,0,0,0,0,NA,Google,Smartphone,Weekdays,1,15,1,1,0,0,0,0,1,Yesterday,2,check weather/news,5,5,5,5,4,4,4,4,5,4,5,4,5,5,4,4,4,4,5,5,4,4,4,4,4,3,8,9,8,9,10,9,10,9,5,4,5,1,32,1,4,NA,1,2,2,NA
2020-05-06T09:01:10Z,140,1,24,0,1,0,1,0,0,0,NA,Amazon,Smart Speaker,Weekend,3,5,3,0,0,1,0,0,1,5 days ago,5,set timer,5,5,5,5,5,3,5,5,5,5,5,5,5,5,5,5,5,5,5,1,2,4,2,3,2,3,8,8,8,8,10,10,10,10,5,5,5,1,28,1,4,NA,1,1,3,NA
2020-05-06T09:07:49Z,379,1,13,1,0,1,0,0,0,0,NA,Apple,Smartphone,Weekdays,3,3,15,1,0,0,0,1,1,2 days ago,2,set timer,3,1,4,1,1,1,1,4,1,5,2,4,5,4,2,4,4,5,3,1,5,5,4,4,4,3,6,8,7,7,8,9,7,8,4,4,3,2,33,1,2,NA,1,2,2,NA
2020-05-06T13:06:06Z,148,1,1,1,0,0,0,0,0,0,NA,Google,Other,All days,7,2,1,1,0,0,0,0,1,3 days ago,5,play music,2,4,4,3,3,3,3,4,2,NA,3,3,2,3,3,3,3,4,4,5,5,3,3,3,3,3,7,7,8,9,8,9,8,9,4,4,4,1,26,1,2,NA,1,1,2,NA
2020-05-06T13:11:54Z,379,1,23,0,1,1,0,0,0,0,NA,Amazon,Smart Speaker,All days,6,15,134,1,0,1,1,0,1,4 days ago,5,add items to a shopping list,3,5,4,1,3,2,3,4,1,4,1,4,4,4,5,4,4,3,5,4,4,4,3,3,3,3,8,9,8,8,9,7,9,10,4,4,4,1,25,1,3,NA,2,1,3,NA
2020-05-13T08:07:05Z,179,1,1,1,0,0,0,0,0,0,NA,Google,Smartphone,Weekend,2,1,4,0,0,0,1,0,1,3 days ago,3,check weather/news,30,4,3,4,4,3,4,4,3,4,4,4,4,4,4,4,5,4,4,4,4,4,3,4,4,2,NA,NA,NA,NA,NA,NA,NA,NA,NA,NA,NA,NA,NA,NA,NA,NA,NA,NA,NA,NA
2020-05-13T08:14:06Z,438,1,123,1,1,1,0,0,0,0,NA,Amazon,Smart Speaker,Weekdays,4,2,1245,1,1,0,1,1,1,2 days ago,3,play music,120,5,4,4,2,3,3,3,4,3,2,5,3,5,3,5,2,3,4,4,4,5,4,4,3,2,NA,NA,NA,NA,NA,NA,NA,NA,NA,NA,NA,NA,NA,NA,NA,NA,NA,NA,NA,NA
2020-05-13T08:17:30Z,391,1,12,1,1,0,0,0,0,0,NA,Google,Smartphone,All days,5,4,5,0,0,0,0,1,1,2 days ago,3,check weather/news,20,2,3,3,4,4,3,3,NA,3,4,2,2,4,3,4,4,2,4,3,3,4,3,3,4,3,8,7,8,8,9,8,9,9,4,4,3,2,32,1,4,NA,1,2,4,NA
2020-05-13T08:18:00Z,498,1,1,1,0,0,0,0,0,0,NA,Google,Smartphone,All days,7,9,2,0,1,0,0,0,1,Today,5,check traffic /navigation,4,4,4,3,2,2,3,4,2,4,2,4,4,4,3,4,4,3,4,4,4,4,3,4,4,3,8,8,8,7,8,8,8,8,4,4,4,NA,NA,NA,NA,NA,NA,NA,NA,NA
2020-05-13T08:29:08Z,302,1,1235,1,1,1,0,1,0,0,NA,Google,Smart Speaker,Weekend,4,6,234,0,1,1,1,0,1,2 days ago,5,play music,30,4,5,4,5,5,4,5,5,4,5,4,4,4,4,5,4,4,5,4,5,4,2,5,4,3,8,9,8,10,9,10,10,9,5,5,4,NA,NA,NA,NA,NA,NA,NA,NA,NA
2020-05-13T08:38:36Z,369,1,2,0,1,0,0,0,0,0,NA,Amazon,Smartphone,Weekdays,2,2,4,0,0,0,1,0,1,4 days ago,5,play music,30,4,4,3,3,2,2,4,4,3,2,4,3,2,4,3,4,3,4,2,4,4,3,2,4,3,7,8,8,9,9,8,8,9,4,3,3,NA,NA,NA,NA,NA,NA,NA,NA,NA
